epoch,loss,accuracy,learning_rate,test_loss,test_accuracy
0,1.609386713213571,0.142,0.05,1.6093876500105204,0.138
1,1.6010810141356138,0.306,0.05,1.6007926083748911,0.302
2,1.5636526864283584,0.308,0.0499999750000125,1.562934729594763,0.316
3,1.5125385606093145,0.308,0.04999995000005001,1.5107017128759925,0.324
4,1.4480476058215148,0.314,0.0499999250001125,1.4444137137167667,0.33
5,1.3784096779627621,0.31,0.0499999000002,1.3725619255589867,0.332
6,1.3174025706096395,0.308,0.049999875000312506,1.3093664616941596,0.33
7,1.2758481371694752,0.312,0.04999985000045,1.2659500191784787,0.33
8,1.2542051468887339,0.312,0.0499998250006125,1.2426610365809794,0.326
9,1.2445864967201379,0.31,0.0499998000008,1.2314677263276324,0.33
10,1.2391063185886542,0.304,0.0499997750010125,1.224737900969652,0.33
11,1.2331934597016772,0.29,0.049999750001249996,1.2182700718335737,0.338
12,1.2240982149636905,0.3,0.049999725001512486,1.209456833963654,0.342
13,1.211746838246748,0.302,0.04999970000179999,1.1982029356541457,0.34
14,1.1993311681675756,0.316,0.04999967500211249,1.1873554721572908,0.34
15,1.1885690999325909,0.324,0.049999650002449984,1.1787798045284665,0.334
16,1.1787029801290407,0.306,0.049999625002812485,1.1717778751084118,0.338
17,1.1709662317109186,0.308,0.04999960000319998,1.1667367749951714,0.322
18,1.1658177070168834,0.306,0.04999957500361247,1.1640253811424996,0.322
19,1.1603718997667845,0.31,0.04999955000404997,1.1614180997932444,0.326
20,1.1536999670012487,0.322,0.04999952500451246,1.1576644916304188,0.338
21,1.1467847784499963,0.326,0.04999950000499995,1.153698592619132,0.332
22,1.1408212885847275,0.328,0.049999475005512446,1.150677848963517,0.334
23,1.136039301889261,0.324,0.04999945000604994,1.1483399577872933,0.324
24,1.1307134612275356,0.322,0.049999425006612426,1.1450383775655433,0.32
25,1.1244364555519142,0.328,0.04999940000719992,1.1403176585115402,0.314
26,1.118822546518172,0.326,0.04999937500781241,1.1360496246135858,0.324
27,1.1148635938426028,0.336,0.04999935000844989,1.1334184521828907,0.354
28,1.1120633200771024,0.336,0.049999325009112375,1.132150689539635,0.34
29,1.1095499799606845,0.346,0.049999300009799866,1.1309859174049934,0.342
30,1.1066931689694273,0.344,0.04999927501051235,1.1290550867119422,0.342
31,1.1032549035942063,0.366,0.04999925001124983,1.126453457080418,0.364
32,1.0994867922093552,0.368,0.049999225012012316,1.1241064049899077,0.358
33,1.0952892268288446,0.374,0.0499992000127998,1.1215505289967378,0.356
34,1.0909996720676136,0.378,0.04999917501361227,1.1183941179165529,0.37
35,1.0869255988703428,0.374,0.04999915001444976,1.1145097301638218,0.372
36,1.0830288039986404,0.376,0.049999125015312236,1.110715092583917,0.358
37,1.079366279446463,0.38,0.049999100016199706,1.1070200063236182,0.358
38,1.0754009056555969,0.382,0.04999907501711219,1.1035646217251842,0.354
39,1.0712519445607052,0.382,0.04999905001804966,1.100445772643678,0.358
40,1.0670757371907678,0.41,0.04999902501901213,1.0970527553311882,0.37
41,1.062988783751575,0.412,0.04999900001999961,1.0933366883365043,0.386
42,1.0583096202306863,0.428,0.049998975021012075,1.089601822197268,0.394
43,1.0536732702824256,0.432,0.049998950022049536,1.0857631239741599,0.408
44,1.0489608232450756,0.432,0.04999892502311201,1.0815630710570705,0.424
45,1.0442261248446942,0.438,0.049998900024199475,1.0771339014562138,0.422
46,1.0390458847702502,0.44,0.04999887502531193,1.072736458904934,0.436
47,1.033905463803906,0.442,0.04999885002644939,1.0686593024324866,0.442
48,1.0285702187157142,0.454,0.049998825027611854,1.064059142974803,0.458
49,1.0229183588416606,0.466,0.04999880002879931,1.0586981223345888,0.454
50,1.0169206062541796,0.482,0.049998775030011766,1.0533270290584136,0.454
51,1.010625236093652,0.48,0.04999875003124923,1.0474144378334418,0.45
52,1.0041725197583289,0.486,0.049998725032511675,1.0414420005221792,0.444
53,0.9976918272434894,0.488,0.04999870003379912,1.035461563215147,0.446
54,0.9911399625532525,0.502,0.04999867503511157,1.0302272224732565,0.468
55,0.9845118723233494,0.492,0.049998650036449016,1.023750516040425,0.446
56,0.9776331955603768,0.51,0.04999862503781146,1.0179309612846639,0.474
57,0.9703527411479855,0.498,0.04999860003919891,1.0110998816933021,0.454
58,0.9630108873663362,0.508,0.049998575040611344,1.0038374520278641,0.466
59,0.9560280299678495,0.53,0.049998550042048784,0.9971294466587308,0.486
60,0.9488110597339902,0.52,0.049998525043511224,0.9906221855560021,0.474
61,0.9409740129684822,0.546,0.04999850004499865,0.9831243971251561,0.488
62,0.9330494008365939,0.558,0.04999847504651108,0.9754665067340424,0.49
63,0.9251291170755007,0.542,0.049998450048048516,0.9690189227954176,0.494
64,0.9172802281854984,0.568,0.04999842504961094,0.9607123976897173,0.502
65,0.9091254601902633,0.566,0.04999840005119836,0.9532669325429838,0.494
66,0.9006532218937326,0.568,0.04999837505281078,0.9454903033833183,0.51
67,0.8921380069771688,0.574,0.04999835005444821,0.9364076080088982,0.514
68,0.8837026181313492,0.58,0.04999832505611062,0.929631244716958,0.516
69,0.875082335932638,0.6,0.04999830005779803,0.9200156588442251,0.532
70,0.8661667184421734,0.604,0.049998275059510454,0.9123715837866542,0.54
71,0.8574512036320209,0.602,0.04999825006124786,0.9037179644135178,0.538
72,0.8488655959990796,0.624,0.049998225063010264,0.8950983397116695,0.546
73,0.8401890526002346,0.618,0.049998200064797674,0.8880013244102182,0.556
74,0.8316140792199986,0.636,0.04999817506661007,0.8792587888018937,0.548
75,0.8228530559296573,0.638,0.04999815006844747,0.8725201390068338,0.566
76,0.81435348294911,0.66,0.04999812507030987,0.8627629393065633,0.574
77,0.8054665457665594,0.654,0.04999810007219726,0.8553854449200987,0.572
78,0.7962836867271366,0.662,0.049998075074109645,0.8452880952113399,0.58
79,0.7883239623460825,0.664,0.04999805007604704,0.8378975351983474,0.586
80,0.780556932174253,0.668,0.04999802507800942,0.8310935475381211,0.586
81,0.7720589092305932,0.672,0.0499980000799968,0.822324149161329,0.59
82,0.7642403553215209,0.67,0.04999797508200918,0.8157317269845588,0.588
83,0.7566273905667347,0.682,0.04999795008404656,0.8082372871019595,0.61
84,0.7485384623376237,0.672,0.04999792508610893,0.802582940252061,0.6
85,0.7407632267044717,0.684,0.049997900088196295,0.7932431538327535,0.622
86,0.7332986449075506,0.682,0.04999787509030867,0.7885331129302461,0.604
87,0.7258972042115083,0.696,0.049997850092446026,0.7797834493136219,0.622
88,0.7183389929540925,0.69,0.049997825094608386,0.7736353469091852,0.62
89,0.7110604897643327,0.696,0.04999780009679575,0.765942243640643,0.63
90,0.7034970991623267,0.71,0.049997775099008095,0.7590220967302685,0.646
91,0.6967476048640137,0.71,0.04999775010124544,0.7529257365869056,0.646
92,0.6900928601575486,0.722,0.0499977251035078,0.7451451807040959,0.664
93,0.6834099767875037,0.724,0.049997700105795136,0.7405287046603323,0.668
94,0.6773929079203187,0.74,0.04999767510810747,0.7323184086781115,0.674
95,0.6708381263490518,0.748,0.04999765011044482,0.7266937885530966,0.664
96,0.6644489470499931,0.74,0.04999762511280714,0.7207205137273255,0.678
97,0.658415490499733,0.75,0.04999760011519447,0.7147058192341501,0.68
98,0.6523688709187715,0.76,0.0499975751176068,0.7100285643893424,0.684
99,0.6469287444684114,0.772,0.04999755012004412,0.7034672893759012,0.686
100,0.6415389977583792,0.774,0.04999752512250644,0.7002950554715627,0.684
101,0.6357311202292463,0.772,0.049997500124993745,0.6924286851544006,0.688
102,0.6299562056129422,0.778,0.04999747512750607,0.6877851362939394,0.706
103,0.6242120309745033,0.784,0.04999745013004337,0.6822561678758328,0.718
104,0.6190994023554106,0.778,0.04999742513260567,0.6770155230547501,0.72
105,0.6142947551290159,0.792,0.04999740013519297,0.6731961564274369,0.726
106,0.609378174375605,0.788,0.04999737513780527,0.6679460507413925,0.718
107,0.6050648562035758,0.794,0.049997350140442556,0.6657120994789874,0.73
108,0.6007211070170588,0.786,0.04999732514310485,0.6584013787686444,0.732
109,0.5959067363690174,0.79,0.04999730014579213,0.6564263164731298,0.736
110,0.5901943206113999,0.8,0.049997275148504404,0.6478962669173335,0.738
111,0.5847917674992582,0.802,0.049997250151241686,0.6431788188844751,0.75
112,0.5804348556311649,0.804,0.049997225154003955,0.6402176400111979,0.746
113,0.5768643279190394,0.82,0.04999720015679122,0.6347953557129798,0.746
114,0.5731048043537138,0.798,0.04999717515960349,0.6352923753682725,0.748
115,0.56858123570613,0.826,0.049997150162440746,0.6269151323601379,0.756
116,0.5639549304053675,0.798,0.049997125165303,0.6258979415616279,0.758
117,0.5604678374167785,0.822,0.049997100168190256,0.6206503702380569,0.794
118,0.5580573774546378,0.802,0.049997075171102495,0.6198315491053696,0.758
119,0.5525820364159418,0.826,0.049997050174039735,0.6135600274300576,0.794
120,0.5468850081514741,0.818,0.04999702517700197,0.6070430889224007,0.776
121,0.544139462679781,0.802,0.049997000179989204,0.6069055925147621,0.77
122,0.5411372526893062,0.832,0.04999697518300143,0.6006165353852773,0.794
123,0.535646536359614,0.81,0.04999695018603865,0.5987356989593278,0.77
124,0.5312298603614333,0.822,0.04999692518910088,0.593301815373808,0.78
125,0.5285932319710074,0.834,0.04999690019218809,0.5911923899798033,0.792
126,0.5246777626883258,0.816,0.04999687519530029,0.5873233989383642,0.778
127,0.5198863723435146,0.834,0.049996850198437505,0.5837498005309699,0.786
128,0.5169521183314281,0.838,0.049996825201599704,0.5788320575620571,0.806
129,0.5140566591831821,0.812,0.04999680020478689,0.5780776432514652,0.782
130,0.5097748167839657,0.838,0.04999677520799909,0.5716547398222641,0.8
131,0.5066570697994192,0.834,0.04999675021123627,0.5706405153586454,0.798
132,0.5049593387940612,0.83,0.04999672521449845,0.5670330819286469,0.794
133,0.5040472126549392,0.828,0.049996700217785635,0.5691432744893558,0.808
134,0.5040222957149066,0.838,0.049996675221097804,0.563567287231677,0.79
135,0.5007642200042645,0.812,0.04999665022443496,0.5677990991157964,0.778
136,0.49201311105718576,0.86,0.049996625227797124,0.551671393147793,0.822
137,0.48879275286421003,0.84,0.04999660023118428,0.5502325851927455,0.8
138,0.48903464126315427,0.83,0.049996575234596434,0.5548782000344944,0.798
139,0.4839405013114748,0.852,0.04999655023803357,0.5423198913620391,0.824
140,0.47943326504358674,0.84,0.04999652524149572,0.5408882900428085,0.8
141,0.4781331303871946,0.854,0.04999650024498285,0.5414685332936703,0.82
142,0.47438995796249733,0.866,0.04999647524849498,0.5322511661366846,0.83
143,0.4710340838278262,0.836,0.049996450252032115,0.5315876923879317,0.812
144,0.46898449060225933,0.848,0.04999642525559423,0.5299627692659071,0.834
145,0.46500775796539107,0.864,0.04999640025918134,0.5239230109524319,0.822
146,0.46223175603051,0.846,0.049996375262793456,0.5239050405254867,0.814
147,0.46055521004722816,0.856,0.04999635026643055,0.5212381217391959,0.842
148,0.457104741454874,0.86,0.04999632527009265,0.5164852683669788,0.822
149,0.45387741761937794,0.856,0.04999630027377975,0.5153506871067541,0.82
150,0.452568930389243,0.854,0.04999627527749183,0.512144315189084,0.84
151,0.449785690932633,0.856,0.04999625028122891,0.5087159854699066,0.822
152,0.4463048779288543,0.864,0.049996225284990994,0.5060877987407452,0.83
153,0.4445917407526353,0.866,0.049996200288778055,0.5025771488699383,0.844
154,0.44272549075869805,0.856,0.049996175292590116,0.5014981351247743,0.818
155,0.4395226479625372,0.87,0.04999615029642717,0.49863687497039677,0.832
156,0.43718204500089974,0.874,0.04999612530028923,0.49478247506205736,0.842
157,0.43579969869486446,0.86,0.049996100304176276,0.4948900960496827,0.822
158,0.43331942098157344,0.874,0.04999607530808831,0.49167289760130956,0.842
159,0.430560796236959,0.868,0.04999605031202536,0.48799357656420284,0.84
160,0.42889961739052035,0.866,0.04999602531598738,0.487794855524731,0.83
161,0.4271893456998516,0.872,0.0499960003199744,0.48435278289130124,0.848
162,0.4246866160187088,0.868,0.049995975323986426,0.4829497053695862,0.84
163,0.4223860579286015,0.868,0.04999595032802343,0.4812262789498624,0.84
164,0.42092777479867427,0.874,0.04999592533208543,0.4778035280207509,0.858
165,0.4192719332988486,0.86,0.04999590033617244,0.47817746605855405,0.838
166,0.41690846048115787,0.874,0.04999587534028443,0.4740429411500054,0.856
167,0.414709605687297,0.874,0.049995850344421416,0.4726998443807804,0.85
168,0.413036342116969,0.87,0.0499958253485834,0.471354828608346,0.844
169,0.4113880900942624,0.872,0.04999580035277037,0.46901748150898026,0.856
170,0.4093549912366499,0.87,0.04999577535698234,0.4688043982982732,0.85
171,0.40724528349585437,0.874,0.0499957503612193,0.465891092472486,0.854
172,0.40547946209897406,0.874,0.049995725365481254,0.46475348555175994,0.854
173,0.404019966789636,0.87,0.0499957003697682,0.46296065434739464,0.846
174,0.40259111641366946,0.87,0.04999567537408014,0.46216276446221505,0.856
175,0.40094544959707507,0.872,0.049995650378417085,0.45962314307403074,0.848
176,0.3992922626603855,0.872,0.04999562538277901,0.45990097901683413,0.848
177,0.3980804693838365,0.872,0.049995600387165925,0.4564193211283398,0.85
178,0.3975533360872625,0.86,0.049995575391577854,0.46085070466902217,0.846
179,0.3977833581064443,0.872,0.049995550396014755,0.45513715155048856,0.85
180,0.39855554647194824,0.852,0.04999552540047666,0.46445116821584315,0.834
181,0.3978902075362836,0.872,0.04999550040496356,0.45390758114035723,0.852
182,0.3938443393079931,0.862,0.049995475409475444,0.45907521953485686,0.834
183,0.3884724154062728,0.88,0.04999545041401232,0.4468223108817141,0.856
184,0.38638302446936884,0.876,0.049995425418574206,0.44605081711118816,0.848
185,0.386807799422902,0.872,0.04999540042316107,0.4493096218038745,0.852
186,0.3857878073868929,0.882,0.04999537542777293,0.44196081759593014,0.856
187,0.38293414687650856,0.866,0.049995350432409796,0.4450409167042749,0.846
188,0.3808890197550128,0.878,0.049995325437071636,0.43884591310175103,0.864
189,0.38003774129458556,0.876,0.049995300441758476,0.43961869178240026,0.848
190,0.3782378690927121,0.874,0.049995275446470304,0.43914730236986427,0.858
191,0.3755088684237218,0.876,0.04999525045120714,0.434169510128798,0.856
192,0.37380939339135166,0.878,0.049995225455968954,0.43538635481219906,0.858
193,0.3735764947587844,0.876,0.04999520046075576,0.43361873221113173,0.862
194,0.3725748097937292,0.878,0.04999517546556758,0.4331643663830505,0.852
195,0.37001233435167397,0.88,0.04999515047040437,0.4298842839518138,0.864
196,0.3676562892404924,0.882,0.04999512547526616,0.4267999575531633,0.864
197,0.3667686295424959,0.876,0.04999510048015295,0.4266811060345861,0.858
198,0.36646432874238877,0.876,0.049995075485064724,0.42566712200507667,0.866
199,0.3651037622514115,0.876,0.04999505049000149,0.42455944982073096,0.86
200,0.3627995218585076,0.876,0.049995025494963256,0.4217812571393975,0.864
201,0.36118394987562663,0.882,0.04999500049995001,0.41893223475410873,0.868
202,0.36046739860279337,0.884,0.04999497550496175,0.4192225165378958,0.858
203,0.3597238471160327,0.876,0.0499949505099985,0.41833725178352404,0.868
204,0.35857892002334957,0.88,0.049994925515060226,0.41781987581658586,0.862
205,0.3568764072260576,0.878,0.04999490052014695,0.41604514438014967,0.868
206,0.3554208725405479,0.884,0.04999487552525867,0.41362937842901054,0.866
207,0.3544491466714213,0.884,0.049994850530395374,0.41357382337525955,0.864
208,0.3536306781945886,0.878,0.04999482553555707,0.41188749324249085,0.872
209,0.35275118692919427,0.88,0.04999480054074376,0.4122285956582162,0.86
210,0.351525668203864,0.882,0.04999477554595545,0.4099676661979518,0.872
211,0.35017767794253424,0.89,0.049994750551192124,0.409069045813377,0.862
212,0.3489723148739376,0.888,0.04999472555645379,0.40766656035455,0.87
213,0.3480046877864012,0.89,0.04999470056174046,0.40545772378664197,0.876
214,0.34735899492604755,0.886,0.04999467556705211,0.4061339326682881,0.868
215,0.34660691150035405,0.886,0.049994650572388756,0.403846619027865,0.874
216,0.34566095222808907,0.886,0.0499946255777504,0.40483035888682367,0.86
217,0.344508187176214,0.888,0.049994600583137025,0.40221510582374015,0.874
218,0.34327518472060853,0.892,0.04999457558854864,0.40237914654371054,0.87
219,0.3422930994678399,0.89,0.04999455059398526,0.4002720759591734,0.868
220,0.34145686614499116,0.886,0.049994525599446865,0.40033254778214394,0.87
221,0.3407550280074071,0.888,0.049994500604933455,0.3985768432503883,0.874
222,0.3402720042458949,0.882,0.04999447561044505,0.39881777934100254,0.87
223,0.3401717459259381,0.89,0.04999445061598163,0.39777502534923226,0.874
224,0.34089492888811257,0.878,0.0499944256215432,0.4010629304073901,0.872
225,0.34293252625853776,0.89,0.04999440062712977,0.39911666128406065,0.87
226,0.34565169227108433,0.878,0.04999437563274132,0.4085431139174842,0.858
227,0.345006869390549,0.888,0.049994350638377864,0.40021735114399093,0.864
228,0.3390574032436624,0.876,0.0499943256440394,0.401063729429177,0.844
229,0.3362477182604457,0.882,0.04999430064972594,0.3922621876356901,0.87
230,0.33931216383772106,0.88,0.04999427565543745,0.39984131637941733,0.85
231,0.3388391122799711,0.88,0.04999425066117397,0.3981830550685843,0.864
232,0.332249117635255,0.886,0.049994225666935475,0.3907622420257503,0.864
233,0.329085130686366,0.896,0.049994200672721964,0.387563760399885,0.876
234,0.3318074709960601,0.884,0.049994175678533447,0.3906041821466762,0.868
235,0.33208551998992153,0.882,0.04999415068436994,0.3912876133925159,0.856
236,0.3272647827398775,0.886,0.0499941256902314,0.38438160055010895,0.87
237,0.3251699719519846,0.89,0.04999410069611786,0.38363280893985957,0.872
238,0.3267342252564888,0.886,0.049994075702029316,0.38474583985533817,0.86
239,0.32564053125630743,0.882,0.049994050707965754,0.3837457324470335,0.872
240,0.32261277624146656,0.892,0.049994025713927186,0.38139589351176145,0.872
241,0.3221553313029085,0.89,0.04999400071991362,0.3786559257297256,0.872
242,0.3225707636045328,0.884,0.04999397572592503,0.3814135527957105,0.878
243,0.3207228655417876,0.888,0.04999395073196143,0.3789297773075301,0.862
244,0.3189288432654022,0.894,0.049993925738022825,0.3757056567834393,0.886
245,0.31899032232671987,0.888,0.049993900744109226,0.37871944534159663,0.874
246,0.3184638754686557,0.89,0.0499938757502206,0.37601272120943585,0.872
247,0.31648683156624163,0.886,0.04999385075635697,0.37449857639399514,0.882
248,0.31554762209454346,0.89,0.04999382576251833,0.37456603677227107,0.876
249,0.3156746940729957,0.89,0.04999380076870468,0.3722745863514524,0.876
250,0.3146029746382311,0.888,0.049993775774916024,0.3738205637399714,0.874
251,0.31295486391183464,0.894,0.04999375078115236,0.3708822999336349,0.878
252,0.31256724866704577,0.894,0.049993725787413686,0.3692674832447403,0.882
253,0.31250141275599097,0.89,0.04999370079369999,0.3715212944767696,0.876
254,0.31154763391147644,0.892,0.04999367580001131,0.3685221018724306,0.884
255,0.3101759475411514,0.894,0.0499936508063476,0.3684922709138047,0.882
256,0.3095926940861803,0.892,0.04999362581270888,0.3672755239754461,0.886
257,0.30934713397952573,0.892,0.049993600819095166,0.365973405667807,0.886
258,0.30854853794803694,0.89,0.049993575825506426,0.3668285957601588,0.886
259,0.3075806568768496,0.894,0.04999355083194268,0.3643196360786744,0.89
260,0.307039805768997,0.892,0.049993525838403934,0.36484347766603714,0.884
261,0.30658487815672913,0.888,0.04999350084489017,0.36457200323859806,0.886
262,0.3059658925724774,0.89,0.049993475851401396,0.3633812555324275,0.884
263,0.30511613845965196,0.892,0.049993450857937605,0.3630608546854344,0.882
264,0.3044601041416136,0.892,0.04999342586449882,0.36239400618387685,0.89
265,0.3041347582601707,0.892,0.04999340087108502,0.36270270773921987,0.884
266,0.3036433688701624,0.89,0.0499933758776962,0.36226070366223834,0.888
267,0.3028592859067433,0.892,0.04999335088433239,0.36173550724294934,0.884
268,0.302173277497974,0.892,0.049993325890993555,0.36082560898093324,0.886
269,0.3016877243570108,0.892,0.04999330089767971,0.36074017040144823,0.884
270,0.3012573824748049,0.892,0.049993275904390864,0.3602144820429969,0.886
271,0.3007257157981553,0.892,0.049993250911127,0.3604297716354605,0.886
272,0.30003993116515776,0.896,0.04999322591788813,0.3598848239949375,0.888
273,0.2995009433989518,0.896,0.04999320092467425,0.35895476145484795,0.886
274,0.2990586668984274,0.896,0.049993175931485355,0.3588770744091704,0.884
275,0.2985744850579948,0.896,0.04999315093832145,0.3574141925789314,0.89
276,0.2980978521003994,0.896,0.04999312594518254,0.35801678189584474,0.884
277,0.29755373764313825,0.896,0.04999310095206862,0.35722286833068534,0.888
278,0.29702623914802906,0.894,0.049993075958979685,0.3576787934862961,0.884
279,0.29645747909403913,0.896,0.04999305096591575,0.35682527921149854,0.886
280,0.2960510622408413,0.894,0.04999302597287679,0.3565407758233791,0.884
281,0.29561565313692223,0.894,0.04999300097986282,0.3558921898179831,0.886
282,0.29523332048123213,0.896,0.04999297598687384,0.35548663691537874,0.888
283,0.2948182851135164,0.896,0.049992950993909865,0.3552938367441356,0.888
284,0.29427977060494676,0.896,0.04999292600097086,0.3545693003687352,0.886
285,0.2938039916885736,0.896,0.04999290100805685,0.3537566104313031,0.888
286,0.2933221900857838,0.896,0.049992876015167845,0.35348750414444086,0.886
287,0.29278022376727475,0.896,0.049992851022303816,0.35342087123766264,0.892
288,0.2924300919519047,0.896,0.04999282602946477,0.35354180473413355,0.886
289,0.2920700663729107,0.896,0.04999280103665073,0.35240639917173683,0.892
290,0.2916662634634876,0.896,0.04999277604386167,0.3527176111681441,0.882
291,0.2912238546947301,0.894,0.04999275105109759,0.35161950121223334,0.896
292,0.2909537398076537,0.89,0.049992726058358514,0.3529128170279191,0.882
293,0.2908450419332991,0.896,0.04999270106564442,0.3507083371759917,0.894
294,0.29107576624738796,0.898,0.049992676072955315,0.35483856514022394,0.88
295,0.2925605463198565,0.896,0.0499926510802912,0.35148951921009886,0.89
296,0.29671242075469256,0.89,0.04999262608765208,0.36449757992961923,0.86
297,0.3038751317624075,0.884,0.049992601095037933,0.36080155280246445,0.864
298,0.30678817779902307,0.87,0.04999257610244878,0.37898927818783706,0.84
299,0.2996609965196639,0.888,0.04999255110988463,0.3561781392009469,0.874
300,0.2943199318854007,0.882,0.049992526117345455,0.3570073499291285,0.884
301,0.2942572228160834,0.89,0.04999250112483127,0.35864796387852155,0.862
302,0.2885792635117693,0.892,0.04999247613234209,0.34639742106848903,0.882
303,0.28721564272029804,0.884,0.04999245113987788,0.3485716833396215,0.892
304,0.2927483463877566,0.884,0.049992426147438665,0.354925069270348,0.86
305,0.2878442379690403,0.884,0.049992401155024443,0.3478825385469721,0.886
306,0.2819286042200331,0.892,0.0499923761626352,0.3413358570474501,0.888
307,0.2851509215053418,0.892,0.04999235117027095,0.3475718701454189,0.874
308,0.28482002607810125,0.882,0.049992326177931694,0.3458100576858213,0.888
309,0.2818497671127186,0.896,0.04999230118561742,0.3408320968456187,0.888
310,0.28150685608354914,0.896,0.04999227619332813,0.3443825631586342,0.872
311,0.28029579877599575,0.89,0.04999225120106384,0.3401490151715958,0.888
312,0.2808099709281731,0.896,0.049992226208824535,0.33794599445982315,0.886
313,0.28004756273101716,0.892,0.04999220121661021,0.34216476744130286,0.872
314,0.2773044502149337,0.902,0.049992176224420884,0.33615887552916285,0.886
315,0.2786544133095589,0.896,0.04999215123225654,0.3356366364889691,0.884
316,0.27847711228648836,0.896,0.04999212624011718,0.3400927753051155,0.884
317,0.27611762817781343,0.9,0.04999210124800281,0.3338077721421644,0.888
318,0.2763941453734526,0.894,0.04999207625591344,0.3328889767291321,0.882
319,0.2761080452906388,0.9,0.04999205126384905,0.3358367917865076,0.886
320,0.2753300715516826,0.896,0.049992026271809646,0.33221168027579134,0.888
321,0.2748500377682565,0.896,0.04999200127979524,0.33160898322659466,0.886
322,0.2739109429910024,0.902,0.04999197628780581,0.3329562794493757,0.888
323,0.274209736648094,0.9,0.049991951295841365,0.33265372804893917,0.886
324,0.2735139001259927,0.894,0.049991926303901923,0.3321504569221105,0.892
325,0.27222171806814005,0.9,0.04999190131198746,0.33130257205198055,0.884
326,0.27243332470861303,0.9,0.04999187632009798,0.33261872614220056,0.886
327,0.2719679179460664,0.898,0.04999185132823351,0.33187065128530346,0.89
328,0.2711517248654839,0.898,0.049991826336394006,0.3302762298103362,0.888
329,0.2707558548216694,0.9,0.04999180134457949,0.33168854369934925,0.886
330,0.27019646673721975,0.896,0.04999177635278997,0.330550429604456,0.888
331,0.2700846147100148,0.898,0.04999175136102543,0.3293185167775361,0.888
332,0.2695381951734098,0.898,0.04999172636928589,0.33110569119210326,0.89
333,0.268808138213509,0.898,0.04999170137757132,0.3298124203415314,0.89
334,0.26871117194187916,0.9,0.049991676385881756,0.32902974872224827,0.89
335,0.2683742268817627,0.898,0.049991651394217164,0.33073425847501103,0.892
336,0.2678108219049588,0.902,0.049991626402577566,0.32920483110704146,0.89
337,0.26750733725370446,0.9,0.04999160141096296,0.32838524577009254,0.888
338,0.2671599475990906,0.906,0.04999157641937334,0.32882288695538076,0.89
339,0.26687273186877386,0.902,0.0499915514278087,0.3277825341384592,0.89
340,0.2665047865625744,0.902,0.04999152643626906,0.3276692856620516,0.888
341,0.26602152242122123,0.902,0.049991501444754394,0.3275970974663944,0.89
342,0.26578959867285445,0.902,0.04999147645326472,0.3274355044979071,0.892
343,0.26552636592239764,0.9,0.04999145146180004,0.32718508943507413,0.89
344,0.2651207702242913,0.9,0.04999142647036034,0.32666250949494735,0.892
345,0.2647710076441357,0.9,0.049991401478945624,0.32748200329791904,0.89
346,0.26438176155661675,0.898,0.0499913764875559,0.326561690848168,0.888
347,0.26405117508801396,0.9,0.04999135149619116,0.32625412912620855,0.892
348,0.2637628980499032,0.902,0.049991326504851406,0.32684666465791257,0.892
349,0.2633456769946942,0.896,0.04999130151353665,0.3255130800084459,0.89
350,0.26294198229409305,0.9,0.04999127652224687,0.32597182141091774,0.89
351,0.2626325892403963,0.9,0.04999125153098208,0.32567674970291266,0.89
352,0.26231195839657223,0.896,0.04999122653974227,0.32467053133767654,0.89
353,0.2621124938403744,0.9,0.049991201548527466,0.3252322224098128,0.896
354,0.2618714107390387,0.898,0.04999117655733763,0.3245203966548444,0.892
355,0.26142421325749016,0.896,0.04999115156617279,0.32463841297497714,0.894
356,0.2609929235796931,0.9,0.049991126575032935,0.3241812058021396,0.89
357,0.26079430020039657,0.898,0.04999110158391806,0.3246858777864117,0.892
358,0.26053695266950105,0.896,0.04999107659282818,0.324315942093782,0.89
359,0.26025406154595243,0.898,0.049991051601763294,0.3238234289699595,0.89
360,0.25992314882216594,0.9,0.049991026610723376,0.32412005542208716,0.894
361,0.25975728846870844,0.898,0.04999100161970845,0.32326155541061685,0.892
362,0.2594706091725195,0.896,0.04999097662871852,0.32387605413687054,0.896
363,0.25913000172520784,0.9,0.04999095163775357,0.3229538673208118,0.89
364,0.2589596267250148,0.9,0.0499909266468136,0.32335724442677655,0.894
365,0.2587536761626481,0.896,0.04999090165589863,0.3231059710978769,0.892
366,0.25841810999878534,0.896,0.04999087666500864,0.32315279003074343,0.892
367,0.2580924585759347,0.896,0.04999085167414363,0.3224038652773557,0.892
368,0.2578612636392634,0.898,0.049990826683303624,0.32222960045024235,0.894
369,0.25765326119232274,0.898,0.04999080169248859,0.3222773801363103,0.894
370,0.25736962056328044,0.9,0.04999077670169854,0.32225621415179384,0.894
371,0.25712558462569235,0.898,0.04999075171093347,0.3223883217741741,0.896
372,0.25691023197149415,0.898,0.04999072672019341,0.3220219768477953,0.892
373,0.25663254663571544,0.898,0.049990701729478317,0.32233557184876876,0.896
374,0.2564431982666042,0.898,0.049990676738788216,0.3216247400496674,0.894
375,0.2562377624675519,0.898,0.04999065174812311,0.32216677251489206,0.898
376,0.2560762825096816,0.9,0.049990626757482975,0.32157187521359076,0.894
377,0.25593889179487167,0.9,0.04999060176686783,0.32281780325884546,0.9
378,0.2558446808757833,0.9,0.049990576776277676,0.3218510483776864,0.89
379,0.2559290048665403,0.898,0.0499905517857125,0.3232979597633684,0.896
380,0.2561672025012549,0.9,0.04999052679517232,0.32122886221403657,0.89
381,0.25657840944450844,0.896,0.049990501804657125,0.3242628409323016,0.892
382,0.25777759994909083,0.898,0.049990476814166906,0.32188798017754555,0.89
383,0.25894514177834566,0.89,0.049990451823701675,0.32756249370944923,0.89
384,0.26054731812549553,0.892,0.04999042683326144,0.32513782841572625,0.89
385,0.25961860924711433,0.888,0.04999040184284618,0.32968781096382666,0.89
386,0.2573455605652975,0.896,0.0499903768524559,0.3223123891102232,0.89
387,0.2539743729094519,0.898,0.049990351862090616,0.32176258462502394,0.9
388,0.25303700503030385,0.902,0.04999032687175032,0.3199549703194858,0.898
389,0.254656496048536,0.9,0.049990301881435,0.3198413219006523,0.894
390,0.25608288463919526,0.89,0.04999027689114467,0.32457414220561537,0.896
391,0.2559067883576717,0.896,0.049990251900879336,0.3207740594232279,0.89
392,0.25339652660795914,0.898,0.04999022691063897,0.321413838688755,0.896
393,0.2515419899787778,0.902,0.049990201920423596,0.3171721554074012,0.892
394,0.2517547310554906,0.9,0.049990176930233214,0.316474340226369,0.89
395,0.252748506247332,0.9,0.04999015194006781,0.32061128202396416,0.896
396,0.2527430084623173,0.9,0.04999012694992739,0.3167579791561512,0.894
397,0.2511195628308193,0.898,0.04999010195981196,0.3185838035835714,0.9
398,0.25012748449585887,0.898,0.04999007696972151,0.3163524713256301,0.902
399,0.2504669335211536,0.9,0.04999005197965605,0.315732658706672,0.896
400,0.2509722883330239,0.898,0.04999002698961558,0.3188379516600612,0.898
401,0.25067004359121137,0.9,0.04999000199960008,0.31495089820099037,0.894
402,0.24953752248879257,0.9,0.049989977009609575,0.3161145036725646,0.902
403,0.24882748258287335,0.898,0.04998995201964406,0.31488008459856287,0.902
404,0.24894276623980977,0.902,0.04998992702970352,0.31401759964016696,0.896
405,0.24914856139399638,0.902,0.04998990203978796,0.31674976574858577,0.9
406,0.24888404108479506,0.906,0.049989877049897394,0.31439910975701973,0.894
407,0.24807890663564172,0.902,0.04998985206003182,0.31549207410127705,0.902
408,0.24751203642386677,0.902,0.049989827070191215,0.3149214278082726,0.902
409,0.24746296500300954,0.904,0.0499898020803756,0.31452859626055163,0.896
410,0.24754563979567967,0.9,0.04998977709058498,0.316514849521011,0.9
411,0.24722156856084215,0.904,0.04998975210081934,0.31485490106726083,0.894
412,0.24657903754902047,0.904,0.04998972711107867,0.3156346745661841,0.902
413,0.24620795397318174,0.904,0.04998970212136301,0.31479480254978504,0.9
414,0.24615903865491515,0.904,0.049989677131672315,0.31429333152176187,0.894
415,0.24606345025944926,0.9,0.0499896521420066,0.3152178280031372,0.9
416,0.2457216075580788,0.904,0.04998962715236589,0.31383505731089933,0.894
417,0.24531940566855562,0.902,0.049989602162750155,0.31451883270403774,0.9
418,0.24498805166211368,0.902,0.0499895771731594,0.3141547555227311,0.9
419,0.2447880606591055,0.906,0.04998955218359364,0.3143950248055317,0.898
420,0.24462740015483128,0.904,0.04998952719405285,0.3151769987080588,0.898
421,0.24445535334099544,0.906,0.049989502204537045,0.31439591387117544,0.892
422,0.2441658450547504,0.904,0.04998947721504624,0.31548158042612556,0.9
423,0.24380583229635983,0.906,0.049989452225580405,0.314627740410096,0.898
424,0.24358649254031456,0.906,0.049989427236139555,0.31479728316470057,0.9
425,0.24342971116083384,0.904,0.04998940224672369,0.31459230197139687,0.898
426,0.24324300212987363,0.906,0.04998937725733282,0.31402554427693985,0.898
427,0.2430829418868039,0.902,0.04998935226796693,0.3148463909212603,0.9
428,0.24281862750874847,0.908,0.04998932727862601,0.31441424059447387,0.896
429,0.24265721062918874,0.904,0.049989302289310096,0.31492580756118627,0.9
430,0.24247995980969173,0.904,0.04998927730001915,0.31444960955016044,0.9
431,0.24229598546723413,0.906,0.049989252310753185,0.3147094488282107,0.9
432,0.2420630085776671,0.906,0.049989227321512224,0.3150148361815938,0.898
433,0.24190684617483998,0.906,0.04998920233229623,0.3143916176171459,0.898
434,0.24177795176623718,0.904,0.04998917734310522,0.31510633474589056,0.898
435,0.24168243583587182,0.906,0.0499891523539392,0.31480959588695545,0.898
436,0.24146576280837162,0.906,0.04998912736479816,0.31563255599708245,0.898
437,0.24124250529255617,0.906,0.049989102375682104,0.31511190885890566,0.9
438,0.24107092021345647,0.906,0.04998907738659104,0.3151772626030123,0.9
439,0.24097733009555353,0.904,0.04998905239752495,0.3152801852972047,0.9
440,0.2407691535563505,0.908,0.049989027408483835,0.3146898570448171,0.9
441,0.2405844191182319,0.906,0.049989002419467715,0.3144823172554224,0.9
442,0.24046449979734946,0.908,0.04998897743047658,0.31462933699608703,0.9
443,0.24032411489634645,0.908,0.04998895244151043,0.3149883427482715,0.9
444,0.2401646773923026,0.908,0.049988927452569255,0.3152801566069337,0.9
445,0.23996242092870332,0.908,0.049988902463653076,0.31536417457446003,0.898
446,0.23982690920745994,0.908,0.04998887747476187,0.3150221271526766,0.9
447,0.23966402322970867,0.908,0.04998885248589564,0.3143577918207569,0.9
448,0.23955661097818937,0.906,0.04998882749705441,0.3144033992184666,0.898
449,0.23940127846170678,0.908,0.04998880250823816,0.3145975758894978,0.902
450,0.23920732985327303,0.908,0.049988777519446886,0.3146110125901441,0.9
451,0.2391091809930072,0.908,0.0499887525306806,0.3145849232647452,0.902
452,0.23897914175498342,0.908,0.049988727541939296,0.3144565684766089,0.904
453,0.23879824569375208,0.908,0.04998870255322297,0.3141172990149094,0.902
454,0.23858392709131482,0.908,0.04998867756453164,0.3142085125695101,0.9
455,0.2385642596365411,0.906,0.04998865257586528,0.31443016636133614,0.9
456,0.23843571866279353,0.908,0.04998862758722391,0.3146574732067468,0.898
457,0.23828525289454525,0.91,0.049988602598607525,0.3144783489861827,0.9
458,0.23812721930800268,0.908,0.04998857761001611,0.31537909134549025,0.898
459,0.23809738493964647,0.908,0.04998855262144969,0.31422098414005367,0.898
460,0.2381417383567195,0.904,0.049988527632908245,0.31572040634213644,0.898
461,0.2384189727046896,0.908,0.049988502644391794,0.31367007198957364,0.894
462,0.23880577180000429,0.908,0.04998847765590032,0.3173665407958292,0.896
463,0.23968126355701003,0.906,0.04998845266743382,0.3140755690749416,0.886
464,0.24098573392090686,0.906,0.049988427678992316,0.3200658495592042,0.892
465,0.24347722215795137,0.904,0.049988402690575785,0.31692656235448113,0.884
466,0.24525205922327573,0.9,0.04998837770218424,0.3260240715893678,0.882
467,0.24696929425493175,0.898,0.049988352713817685,0.31977281130764285,0.878
468,0.243871310227738,0.904,0.0499883277254761,0.3241652774255643,0.88
469,0.2401986743605726,0.896,0.049988302737159505,0.3125592377772688,0.89
470,0.2375624336576003,0.91,0.049988277748867896,0.313486978154696,0.896
471,0.2376426642630041,0.904,0.04998825276060126,0.31209631465781407,0.898
472,0.23899262490127077,0.904,0.04998822777235961,0.311218839084275,0.892
473,0.2390950266827605,0.9,0.04998820278414295,0.31472675135652267,0.896
474,0.2383651512356633,0.908,0.049988177795951265,0.30993493399692545,0.896
475,0.23706982986470929,0.906,0.049988152807784555,0.3121880410902138,0.892
476,0.23622022710881535,0.906,0.04998812781964284,0.30817931910549035,0.906
477,0.23603164260100906,0.906,0.049988102831526104,0.3073653236467348,0.898
478,0.23606551975146678,0.904,0.04998807784343434,0.30993095406188953,0.896
479,0.23594497215830046,0.908,0.04998805285536757,0.3067178722388565,0.894
480,0.23536884795574511,0.906,0.04998802786732578,0.30896216085870254,0.9
481,0.23465480014122997,0.906,0.04998800287930897,0.30632464798194914,0.904
482,0.23436819717110888,0.908,0.049987977891317134,0.3057893037380714,0.894
483,0.2344867613612494,0.908,0.0499879529033503,0.30838572538828724,0.9
484,0.23439614873201944,0.904,0.04998792791540843,0.30522799061057065,0.898
485,0.23372669026739196,0.91,0.04998790292749154,0.30670776969284935,0.902
486,0.23316765570086975,0.908,0.049987877939599655,0.3059835786312399,0.906
487,0.23309557965079275,0.906,0.049987852951732734,0.3052408499193825,0.898
488,0.23315571108138788,0.91,0.04998782796389079,0.3070585862853137,0.902
489,0.23289742405764874,0.904,0.049987802976073845,0.30388575526521744,0.904
490,0.23235022284153156,0.908,0.04998777798828187,0.30460625930721724,0.906
491,0.23190641167416,0.908,0.049987753000514876,0.30427596854117345,0.904
492,0.2320129918186116,0.904,0.049987728012772875,0.3041025878391749,0.898
493,0.23212073998898208,0.912,0.04998770302505584,0.30664673936295217,0.9
494,0.2316955280674617,0.904,0.04998767803736379,0.3048036053009273,0.902
495,0.2311366710127967,0.908,0.04998765304969672,0.3055203630258625,0.904
496,0.23102510307655988,0.908,0.049987628062054645,0.30547462587153135,0.902
497,0.230999363240172,0.906,0.04998760307443754,0.30470973093581516,0.9
498,0.2308047554593143,0.912,0.04998757808684542,0.30624097288207813,0.9
499,0.23054982359752693,0.908,0.049987553099278284,0.3049484302313892,0.9
500,0.23026227949846034,0.908,0.049987528111736124,0.30561843192356763,0.902
501,0.23011100213262584,0.908,0.04998750312421894,0.3056055111034074,0.902
502,0.2299670636932898,0.908,0.04998747813672676,0.30517202423206374,0.9
503,0.22983036384966074,0.908,0.049987453149259536,0.30633121306668715,0.896
504,0.22968002635741663,0.91,0.0499874281618173,0.3060638172351248,0.9
505,0.2295107334600928,0.91,0.04998740317440006,0.30687547977785057,0.894
506,0.22930188468551055,0.912,0.04998737818700778,0.30680871980847435,0.9
507,0.22921334320462464,0.908,0.04998735319964049,0.3068299369132559,0.898
508,0.2290237503455775,0.908,0.04998732821229819,0.30704574786304356,0.902
509,0.22883553838114112,0.908,0.04998730322498086,0.3065055051482471,0.9
510,0.22870784906920938,0.908,0.04998727823768851,0.3067174659064781,0.898
511,0.2286167252781569,0.912,0.04998725325042115,0.3066465745137839,0.9
512,0.2284763597729666,0.908,0.049987228263178765,0.3067767546001735,0.898
513,0.2282539744177616,0.908,0.04998720327596135,0.3066767535223563,0.9
514,0.22817572165799202,0.91,0.049987178288768926,0.3063606095600592,0.9
515,0.22801818432311244,0.908,0.04998715330160149,0.3062310205266167,0.896
516,0.22791731385557534,0.912,0.04998712831445903,0.30629131433017764,0.9
517,0.22779685146335849,0.908,0.04998710332734154,0.30651373582594366,0.898
518,0.2276535785129054,0.91,0.04998707834024905,0.30653861176153496,0.9
519,0.22756196493372638,0.908,0.04998705335318153,0.30720787512212977,0.898
520,0.22739372202074562,0.91,0.04998702836613898,0.3070499300547815,0.9
521,0.22725007486531176,0.91,0.04998700337912144,0.3067526720881317,0.898
522,0.22712983954363508,0.91,0.04998697839212885,0.305721134884942,0.896
523,0.2270239490387522,0.912,0.04998695340516125,0.30513310697402735,0.898
524,0.2269130691651079,0.912,0.04998692841821864,0.3052946669693198,0.898
525,0.22689394375940464,0.912,0.049986903431301,0.30566234349805493,0.898
526,0.22674868653073574,0.91,0.04998687844440834,0.3061742566874126,0.896
527,0.22656230952563883,0.91,0.04998685345754068,0.3062719339716901,0.898
528,0.2265354566887164,0.91,0.04998682847069798,0.30626998661234983,0.896
529,0.2263872989373878,0.91,0.04998680348388026,0.3057450079778653,0.896
530,0.22635125127329234,0.912,0.049986778497087526,0.3057032351944184,0.894
531,0.22620589943036506,0.912,0.04998675351031977,0.3056571730479181,0.896
532,0.22600105199223824,0.912,0.04998672852357699,0.30600778293946923,0.896
533,0.22587821244036413,0.91,0.049986703536859196,0.30609285508031486,0.896
534,0.22581442525700435,0.91,0.049986678550166384,0.30648465745844483,0.896
535,0.22572177398152843,0.91,0.049986653563498545,0.3066965224328346,0.898
536,0.22555963199608148,0.912,0.049986628576855686,0.30587766272575057,0.896
537,0.22547714317812173,0.912,0.04998660359023782,0.30562848058563613,0.894
538,0.22538366945967633,0.91,0.04998657860364492,0.3052328256096909,0.896
539,0.22525697682723128,0.91,0.049986553617077004,0.3056256850429717,0.896
540,0.22516659444665504,0.91,0.04998652863053408,0.3054288556971602,0.896
541,0.22502964307133055,0.91,0.04998650364401612,0.30611331030056294,0.898
542,0.22492307490652727,0.91,0.04998647865752314,0.30622523719157024,0.898
543,0.22482658271501174,0.91,0.04998645367105515,0.3064691808199738,0.896
544,0.22475607252283428,0.912,0.04998642868461213,0.30579077507352564,0.896
545,0.2247053696973955,0.91,0.04998640369819409,0.30627037880712593,0.896
546,0.2246851313112384,0.912,0.04998637871180104,0.30536203046635896,0.898
547,0.22475802292318098,0.908,0.04998635372543296,0.3068800110348607,0.896
548,0.22512824340104168,0.91,0.04998632873908986,0.30525952357332164,0.896
549,0.2256122347648348,0.908,0.04998630375277174,0.30883964510556844,0.902
550,0.22686856630684019,0.91,0.049986278766478605,0.3062057224363523,0.892
551,0.2285078433183294,0.904,0.049986253780210446,0.3128370701601401,0.894
552,0.2314585202254336,0.906,0.04998622879396726,0.30999736372598813,0.886
553,0.23231812674677732,0.9,0.04998620380774907,0.31868681411169075,0.888
554,0.2326855356420575,0.906,0.04998617882155584,0.31163951663666045,0.886
555,0.22859866255165479,0.904,0.0499861538353876,0.3131095872906032,0.89
556,0.22562641776130085,0.91,0.04998612884924434,0.30409838553541696,0.894
557,0.2251401429773049,0.912,0.049986103863126054,0.3055614632164182,0.896
558,0.2262694941393174,0.902,0.04998607887703275,0.30645532003893977,0.9
559,0.22718855804794935,0.912,0.04998605389096443,0.3054023580182622,0.894
560,0.22579071691196134,0.898,0.04998602890492108,0.30610848703734767,0.9
561,0.2240633806597023,0.908,0.049986003918902705,0.30161206394509554,0.896
562,0.22364865211236531,0.912,0.04998597893290933,0.3028385716733543,0.904
563,0.22472933181834387,0.906,0.049985953946940914,0.3026618288002457,0.9
564,0.22557078664868993,0.91,0.04998592896099748,0.30382429652669474,0.892
565,0.22457995124092717,0.906,0.04998590397507904,0.30299641310824743,0.9
566,0.2231445902558479,0.906,0.04998587898918556,0.3011068440912037,0.896
567,0.2224560264220974,0.904,0.049985854003317065,0.300085074325692,0.9
568,0.22300708842081687,0.904,0.049985829017473546,0.3003623347530383,0.898
569,0.2236382683280491,0.912,0.049985804031655014,0.30020279330505173,0.898
570,0.22309908759305513,0.904,0.049985779045861455,0.30020787773726826,0.9
571,0.22211823180620838,0.908,0.04998575406009287,0.29889018404154283,0.9
572,0.22161144215947418,0.904,0.049985729074349276,0.298068146066214,0.902
573,0.2216874928865027,0.904,0.04998570408863066,0.2995491359660444,0.898
574,0.2217838914031858,0.91,0.049985679102937004,0.2992130201879552,0.896
575,0.22148725773473693,0.906,0.04998565411726835,0.29985830285878073,0.896
576,0.22101668941699243,0.908,0.04998562913162466,0.2999075302545195,0.902
577,0.2207460596695419,0.906,0.049985604146005946,0.299510368278391,0.9
578,0.22067897394371475,0.906,0.04998557916041223,0.3008762108485976,0.896
579,0.22072032031846547,0.906,0.049985554174843475,0.30066903331091427,0.896
580,0.22059013915155978,0.906,0.049985529189299695,0.3017269793767185,0.896
581,0.22021823653995853,0.908,0.04998550420378091,0.30125926275049153,0.9
582,0.2200243970566257,0.906,0.04998547921828709,0.3004558773842575,0.898
583,0.2200128123969063,0.908,0.04998545423281825,0.3019333071807097,0.896
584,0.2200051728991735,0.908,0.0499854292473744,0.3007705291765578,0.896
585,0.2199157945910159,0.908,0.04998540426195552,0.3024545149109702,0.898
586,0.2195822879325665,0.908,0.04998537927656161,0.3015261968061523,0.9
587,0.21928076225352575,0.908,0.04998535429119268,0.30240822240613585,0.9
588,0.2191054580084812,0.91,0.04998532930584874,0.3025065288986443,0.896
589,0.21924148689610265,0.906,0.049985304320529764,0.30167819975442095,0.9
590,0.2192509630329464,0.906,0.04998527933523577,0.30290826605249727,0.896
591,0.21907716104034433,0.908,0.049985254349966764,0.3015092314559134,0.898
592,0.21875431624212607,0.908,0.04998522936472273,0.3026356275743896,0.896
593,0.2186837368045755,0.91,0.04998520437950366,0.3023663271882266,0.896
594,0.2185351843507376,0.91,0.049985179394309597,0.30298475905737626,0.9
595,0.21839396257593774,0.908,0.04998515440914049,0.30300175559711706,0.896
596,0.21830299511127263,0.906,0.04998512942399636,0.30231480597998145,0.898
597,0.21835615149168075,0.908,0.04998510443887722,0.30294177013562446,0.894
598,0.21817338010893325,0.908,0.04998507945378305,0.3023735807116236,0.896
599,0.21790668788462667,0.91,0.04998505446871385,0.30306528265846944,0.898
600,0.21766882143047023,0.91,0.049985029483669646,0.3030245266797857,0.896
601,0.21771125494336194,0.91,0.04998500449865041,0.3031798950838912,0.9
602,0.21771013855550192,0.908,0.049984979513656144,0.303864652834005,0.894
603,0.21758068325208493,0.91,0.04998495452868686,0.3038867563076378,0.9
604,0.21734673325934373,0.908,0.04998492954374257,0.3041487455240018,0.894
605,0.21726503813557183,0.91,0.049984904558823234,0.30319722646985375,0.898
606,0.2171047578364276,0.91,0.049984879573928886,0.3038085352272878,0.9
607,0.21691978689737904,0.908,0.04998485458905952,0.3035305951430777,0.902
608,0.2168447124535841,0.91,0.049984829604215124,0.3041079184726915,0.898
609,0.21680945096757273,0.912,0.0499848046193957,0.30374003818255974,0.898
610,0.21668266227911503,0.908,0.04998477963460127,0.30407740899430175,0.9
611,0.21656655738338626,0.906,0.049984754649831806,0.3034222786796809,0.898
612,0.21650676805423677,0.908,0.04998472966508732,0.30399830786386695,0.898
613,0.21644425995978683,0.906,0.049984704680367815,0.3039684801551222,0.894
614,0.21641927183357967,0.91,0.04998467969567328,0.3051025067351823,0.9
615,0.21645794898247456,0.908,0.049984654711003725,0.30398638737542877,0.898
616,0.2164100098212158,0.914,0.04998462972635915,0.3057036978736014,0.9
617,0.21640882263347677,0.906,0.04998460474173955,0.30467325874215223,0.898
618,0.21659140930378137,0.916,0.049984579757144924,0.30713926220348886,0.896
619,0.21667789404299406,0.908,0.04998455477257528,0.3045501675918586,0.898
620,0.21668248926879155,0.912,0.049984529788030606,0.307414931681622,0.892
621,0.2168251495454792,0.906,0.04998450480351091,0.3044940392064555,0.9
622,0.21668816141515054,0.914,0.04998447981901619,0.30791031862520285,0.892
623,0.21656693439928545,0.908,0.049984454834546464,0.3046712316419648,0.902
624,0.21634200233618686,0.912,0.049984429850101694,0.30791158867326535,0.894
625,0.21631652427472525,0.91,0.049984404865681904,0.30428425199843473,0.9
626,0.2161912774646459,0.91,0.0499843798812871,0.30697594502868986,0.898
627,0.21598915654403186,0.91,0.049984354896917264,0.303846247131228,0.898
628,0.2157564952913084,0.908,0.04998432991257241,0.3068513559050843,0.898
629,0.215537281993011,0.91,0.04998430492825254,0.3043196692748118,0.898
630,0.2153496547050771,0.906,0.04998427994395763,0.3066485767408974,0.898
631,0.21514719730978962,0.906,0.049984254959687696,0.3041863964999867,0.902
632,0.2147321596041829,0.906,0.04998422997544275,0.30519490973067376,0.898
633,0.21447789087521194,0.908,0.049984204991222775,0.30284106497317537,0.902
634,0.21429125254520112,0.91,0.04998418000702778,0.30392598036450874,0.898
635,0.2141547421142105,0.908,0.04998415502285776,0.30299995453874873,0.904
636,0.21397399399838388,0.908,0.049984130038712715,0.30378191690494727,0.898
637,0.2138430156812862,0.908,0.04998410505459264,0.30300453607484396,0.904
638,0.2136486651541057,0.91,0.049984080070497545,0.30383023165460615,0.9
639,0.21366401159290446,0.91,0.049984055086427434,0.30325078769207436,0.902
640,0.21355643019071902,0.91,0.04998403010238229,0.3037585202442062,0.898
641,0.21336969732060568,0.908,0.049984005118362124,0.30336468861736976,0.904
642,0.21325535433643708,0.908,0.04998398013436694,0.3047291217961996,0.898
643,0.21329384032348891,0.91,0.049983955150396726,0.30413516533241225,0.904
644,0.21322186783259137,0.91,0.04998393016645149,0.304849575977868,0.9
645,0.21312995109632554,0.91,0.04998390518253123,0.30391069344435756,0.902
646,0.21307520125225515,0.908,0.04998388019863594,0.3049994853796139,0.898
647,0.21320352548364394,0.91,0.04998385521476563,0.3032790329382377,0.9
648,0.21326231409931465,0.906,0.049983830230920304,0.30566465583817143,0.898
649,0.21345766541927605,0.908,0.049983805247099944,0.3035013019344302,0.9
650,0.2141648008872309,0.906,0.04998378026330456,0.3075126723156206,0.902
651,0.21535949581214994,0.908,0.04998375527953416,0.30561002097179407,0.894
652,0.21687514064968658,0.908,0.049983730295788724,0.3128350119338486,0.896
653,0.21987005615933072,0.906,0.04998370531206826,0.31012979274675867,0.888
654,0.22148859615682587,0.896,0.0499836803283728,0.31890623093023224,0.886
655,0.22315961345358018,0.906,0.04998365534470229,0.31193363812708924,0.882
656,0.21975073592968553,0.902,0.049983630361056755,0.3151212061738077,0.888
657,0.2166539118520368,0.904,0.0499836053774362,0.30596918660812333,0.896
658,0.21523015337696472,0.908,0.049983580393840626,0.3060212769225405,0.894
659,0.21536250467430879,0.902,0.049983555410270025,0.30584770911392295,0.902
660,0.2158277431231095,0.914,0.04998353042672439,0.30351091565306115,0.89
661,0.2151383696199623,0.902,0.04998350544320375,0.30498908204658015,0.902
662,0.2145940464418862,0.906,0.04998348045970807,0.3009283072548601,0.896
663,0.2140381291105965,0.91,0.049983455476237365,0.3037494086715285,0.896
664,0.2136892189687129,0.904,0.04998343049279164,0.3019979783016466,0.902
665,0.21363049295527395,0.914,0.049983405509370894,0.2999913751672691,0.896
666,0.21333546234622722,0.902,0.04998338052597511,0.3004195691988191,0.9
667,0.21321941895413948,0.906,0.04998335554260432,0.29723433204954,0.9
668,0.2129418108031654,0.91,0.04998333055925849,0.3006373103058234,0.898
669,0.21245648522916855,0.906,0.04998330557593764,0.2980248636976196,0.902
670,0.21196969265847238,0.908,0.04998328059264177,0.29738880408051893,0.904
671,0.21178432901529037,0.904,0.049983255609370864,0.2976118701701171,0.898
672,0.2121017045809688,0.906,0.04998323062612493,0.2953127387116232,0.902
673,0.21210977258646438,0.912,0.04998320564290399,0.298933773525198,0.9
674,0.2113133327112804,0.906,0.04998318065970801,0.29676873510306867,0.9
675,0.2108123763798926,0.906,0.04998315567653701,0.2967579338233231,0.902
676,0.210958926843857,0.906,0.04998313069339098,0.2977830003893373,0.9
677,0.2111693399602754,0.906,0.04998310571026993,0.29566314417518413,0.898
678,0.21099790548694536,0.912,0.049983080727173855,0.2978742146335673,0.9
679,0.21044746742585915,0.906,0.04998305574410275,0.29584256110574453,0.9
680,0.21010445557582463,0.908,0.049983030761056625,0.2965760788085337,0.9
681,0.21017305158966101,0.91,0.04998300577803547,0.29803159275937263,0.9
682,0.2102759589936341,0.904,0.04998298079503929,0.29697986150815436,0.898
683,0.21013633522619618,0.908,0.04998295581206809,0.2986877385564306,0.9
684,0.20971906814451471,0.904,0.049982930829121856,0.29689862252343274,0.896
685,0.20947084867952628,0.906,0.0499829058462006,0.29779101734899094,0.898
686,0.2095464136460805,0.912,0.049982880863304324,0.29823044694031187,0.898
687,0.20938040887348072,0.906,0.04998285588043302,0.2974382283979572,0.894
688,0.20911334887444494,0.908,0.04998283089758668,0.29786941657507043,0.9
689,0.20901813109774553,0.906,0.04998280591476533,0.2972348833361863,0.896
690,0.2090281265434832,0.904,0.049982780931968944,0.2988811142432363,0.896
691,0.20890463952072993,0.906,0.04998275594919753,0.29902857813889144,0.898
692,0.20866285918457783,0.906,0.04998273096645109,0.2995128336812134,0.894
693,0.208383957512512,0.908,0.049982705983729635,0.2990836248722178,0.898
694,0.2082874821152896,0.908,0.04998268100103315,0.2984379436152412,0.898
695,0.2082708659051819,0.906,0.049982656018361625,0.2988944937191722,0.898
696,0.20818670262818909,0.91,0.0499826310357151,0.2982316899101634,0.9
697,0.2080377357677449,0.906,0.04998260605309353,0.299551918435763,0.898
698,0.20788429042165724,0.908,0.04998258107049693,0.29927523937209927,0.898
699,0.20781087952386953,0.906,0.04998255608792532,0.3007155508670066,0.9
700,0.20765121113384247,0.908,0.049982531105378675,0.2997808978864041,0.896
701,0.20747519850415697,0.908,0.049982506122857,0.2997250232055197,0.898
702,0.2073764891514978,0.908,0.04998248114036031,0.2993082148921145,0.896
703,0.20725606771055283,0.908,0.049982456157888586,0.2993067393305734,0.896
704,0.2071682092480565,0.908,0.04998243117544183,0.29989566143767377,0.898
705,0.20714199495179111,0.908,0.049982406193020065,0.30039099713943257,0.896
706,0.20703459475713962,0.91,0.04998238121062326,0.3007320475906412,0.9
707,0.20689530646015816,0.908,0.04998235622825143,0.3003507919376138,0.896
708,0.2067757695264385,0.908,0.04998233124590458,0.3000862665437602,0.896
709,0.2067160129738193,0.908,0.049982306263582695,0.2997641529963695,0.9
710,0.20667860712468578,0.908,0.04998228128128578,0.29972786948569063,0.896
711,0.20660291903454953,0.908,0.049982256299013844,0.2997277341668233,0.9
712,0.20647264266879548,0.91,0.04998223131676689,0.29963399601731366,0.896
713,0.20637954859988492,0.908,0.04998220633454491,0.30014120411379475,0.896
714,0.206319131863822,0.908,0.04998218135234789,0.30008071892091875,0.9
715,0.20625646939379397,0.908,0.049982156370175855,0.30047395096948104,0.896
716,0.20616047209872013,0.908,0.04998213138802878,0.30014022623366543,0.9
717,0.20606951215199576,0.91,0.04998210640590668,0.3003776478173877,0.896
718,0.20595486121630915,0.908,0.04998208142380957,0.30040329367976565,0.898
719,0.20586837179790116,0.908,0.04998205644173742,0.300559630407808,0.898
720,0.2057821184631841,0.908,0.04998203145969024,0.3005217552117622,0.898
721,0.20570491255675075,0.908,0.049982006477668046,0.3001557854456943,0.898
722,0.20564797028142515,0.908,0.04998198149567081,0.30027912799508555,0.898
723,0.20547923806251317,0.908,0.04998195651369856,0.30024911053743447,0.898
724,0.20530994575297176,0.908,0.04998193153175128,0.30063326123889783,0.898
725,0.20534882691287112,0.908,0.04998190654982897,0.3010240038171578,0.898
726,0.2052805752603708,0.908,0.049981881567931624,0.30106151771341455,0.9
727,0.20512501827702903,0.908,0.04998185658605927,0.30107923598576625,0.898
728,0.20503259302913995,0.908,0.04998183160421187,0.3004977966876248,0.898
729,0.2050319594474769,0.908,0.04998180662238945,0.30090397639692407,0.896
730,0.2050014693326248,0.908,0.049981781640592,0.30007020085246405,0.9
731,0.20496368785026128,0.906,0.049981756658819536,0.30128973545014753,0.896
732,0.20508629155353184,0.908,0.04998173167707203,0.3002419117479957,0.896
733,0.20528220997185465,0.904,0.0499817066953495,0.30284728026430446,0.896
734,0.20578401529320667,0.908,0.04998168171365195,0.3010532833878049,0.896
735,0.2065997420857197,0.904,0.049981656731979365,0.3052300453493794,0.9
736,0.2083531605519529,0.908,0.049981631750331754,0.30229276732504895,0.892
737,0.21043944439148957,0.902,0.04998160676870912,0.3107899257754375,0.894
738,0.213756586150613,0.906,0.04998158178711145,0.3064599885455252,0.886
739,0.21422348050356338,0.896,0.04998155680553876,0.3150214085501441,0.898
740,0.21338459255612238,0.906,0.049981531823991045,0.3055386517545382,0.884
741,0.20835184635028273,0.906,0.04998150684246829,0.3060161817059893,0.9
742,0.2051504348639455,0.908,0.04998148186097051,0.2984891941792666,0.904
743,0.20532864023631597,0.908,0.04998145687949771,0.2983438190313115,0.898
744,0.20769830096671282,0.902,0.04998143189804988,0.30465233182622065,0.902
745,0.209791315316561,0.906,0.049981406916627016,0.30169207830652384,0.894
746,0.20861319157950856,0.902,0.04998138193522912,0.30570125791837494,0.904
747,0.20626245396343396,0.904,0.049981356953856214,0.2986364706617429,0.9
748,0.20489885670406255,0.912,0.04998133197250827,0.2984614793576259,0.898
749,0.20611076023916663,0.902,0.0499813069911853,0.3006460828305851,0.9
750,0.20758601577996047,0.91,0.0499812820098873,0.2981813613933789,0.892
751,0.20672327684922898,0.902,0.04998125702861427,0.3018261503541695,0.904
752,0.20512423919427386,0.906,0.049981232047366216,0.29662061684391267,0.904
753,0.2043995890320776,0.906,0.04998120706614314,0.2974227186815276,0.904
754,0.20525315490153,0.902,0.04998118208494502,0.3000092540083749,0.902
755,0.2062892695121437,0.912,0.04998115710377188,0.29748425096393216,0.898
756,0.20574525718371517,0.902,0.049981132122623714,0.30049419146232936,0.904
757,0.2046205259741368,0.91,0.049981107141500516,0.2958204563626171,0.902
758,0.20405585124287504,0.904,0.049981082160402285,0.2959730889289093,0.9
759,0.20432914405683147,0.902,0.04998105717932904,0.2986771261268423,0.906
760,0.20487739041699174,0.906,0.049981032198280755,0.2960208717937032,0.904
761,0.20454818635874886,0.904,0.04998100721725744,0.3001380701507904,0.906
762,0.20376664967383104,0.906,0.04998098223625911,0.29704032473973013,0.906
763,0.20345450762672218,0.906,0.04998095725528574,0.29761383024711346,0.904
764,0.20367812777420238,0.908,0.04998093227433734,0.29911739409414523,0.908
765,0.20378422061704674,0.908,0.049980907293413916,0.29663007056090535,0.898
766,0.20352651173076686,0.906,0.04998088231251547,0.2990870006983055,0.91
767,0.20311669523655998,0.908,0.04998085733164198,0.2967947895149902,0.898
768,0.2028451300956135,0.908,0.04998083235079347,0.2975896238044522,0.9
769,0.20282929651519993,0.908,0.04998080736996994,0.29894461540264416,0.902
770,0.2028993348906511,0.908,0.04998078238917136,0.2976405333859722,0.902
771,0.20278208858541136,0.908,0.04998075740839777,0.2997653329984898,0.906
772,0.2024419294211871,0.908,0.049980732427649145,0.2984536371529183,0.898
773,0.20240952785353172,0.91,0.04998070744692549,0.29921973222386683,0.904
774,0.20247649719111063,0.908,0.049980682466226806,0.2998329601296742,0.898
775,0.20243382281974215,0.91,0.049980657485553096,0.2987156787935897,0.902
776,0.20223246679321083,0.908,0.04998063250490435,0.2995567100449691,0.896
777,0.20205657106066435,0.908,0.04998060752428058,0.2981268027456747,0.904
778,0.2019516953029616,0.91,0.04998058254368179,0.2986641333557546,0.9
779,0.20188201975706857,0.91,0.04998055756310796,0.2985327935153998,0.902
780,0.2017466361792567,0.908,0.04998053258255909,0.29851104650507043,0.9
781,0.20161775224306933,0.908,0.049980507602035214,0.2997352057759785,0.9
782,0.2015766603379089,0.908,0.049980482621536294,0.29946724606660924,0.898
783,0.20146411343499498,0.91,0.04998045764106235,0.30011140611217585,0.902
784,0.20135339004393343,0.912,0.04998043266061337,0.2993492603249986,0.902
785,0.20121855247677967,0.91,0.049980407680189375,0.298820916175036,0.902
786,0.2010956069706516,0.91,0.049980382699790334,0.29871112133437844,0.9
787,0.2011156955378196,0.91,0.049980357719416266,0.298592229693825,0.9
788,0.20103036601689225,0.912,0.049980332739067185,0.2998913317068984,0.9
789,0.2008365082852058,0.91,0.049980307758743056,0.3000815184257746,0.898
790,0.20070636266868533,0.91,0.0499802827784439,0.301536238991992,0.9
791,0.2006358286330431,0.91,0.04998025779816973,0.3016844234343395,0.9
792,0.2005969128840409,0.91,0.049980232817920515,0.3014854633389831,0.9
793,0.20051027381155093,0.91,0.04998020783769627,0.30173169480488554,0.902
794,0.20057459302810607,0.91,0.04998018285749701,0.3011429236111864,0.898
795,0.20049588711928074,0.91,0.049980157877322705,0.30197898075767876,0.9
796,0.2004420977748414,0.908,0.049980132897173374,0.3013236350263956,0.9
797,0.20062353272674527,0.916,0.04998010791704902,0.30225679677647466,0.898
798,0.20078837922654108,0.908,0.04998008293694963,0.3025564671080763,0.9
799,0.20102682565545357,0.914,0.049980057956875205,0.3036677334668937,0.892
800,0.20154591969159627,0.908,0.04998003297682575,0.3043267633648218,0.898
801,0.20238495470558038,0.912,0.04998000799680129,0.30620054126219776,0.892
802,0.2028983120511014,0.906,0.049979983016801774,0.3068729222285505,0.898
803,0.20376931394020886,0.914,0.049979958036827234,0.3086303636554962,0.89
804,0.2035785698454206,0.904,0.049979933056877666,0.3070259846322764,0.896
805,0.20288583437758484,0.91,0.049979908076953065,0.30752518921867833,0.892
806,0.20137839755372827,0.91,0.04997988309705344,0.30278110875304837,0.9
807,0.20026929977203883,0.908,0.04997985811717878,0.3027479199039787,0.896
808,0.2002047475521476,0.912,0.049979833137329094,0.30100111266297497,0.898
809,0.20095268327432372,0.904,0.049979808157504364,0.30453365008512284,0.898
810,0.2012067661920828,0.91,0.04997978317770463,0.3039330837817766,0.89
811,0.20045827535951877,0.908,0.04997975819792984,0.30423103182451794,0.894
812,0.19965247881836545,0.914,0.04997973321818003,0.3021649061550284,0.898
813,0.19932869915774526,0.91,0.0499797082384552,0.3015868924116818,0.9
814,0.1998724624501749,0.908,0.04997968325875532,0.30290716281066643,0.896
815,0.2003347813134245,0.916,0.049979658279080415,0.30190451691781295,0.896
816,0.20012152107563422,0.906,0.04997963329943049,0.3034690689607521,0.898
817,0.19944157892602507,0.91,0.049979608319805524,0.3004189217669967,0.9
818,0.19917074039884558,0.908,0.049979583340205525,0.30193883569229596,0.898
819,0.1993821092772122,0.912,0.0499795583606305,0.3003421376685185,0.898
820,0.19946333726829882,0.912,0.04997953338108045,0.3024352083893642,0.9
821,0.199094510641067,0.912,0.049979508401555364,0.30116639646898347,0.9
822,0.19875754325311282,0.91,0.04997948342205524,0.3022312472449671,0.902
823,0.19860750594856916,0.912,0.0499794584425801,0.3012462838930403,0.9
824,0.1985401209824545,0.914,0.04997943346312993,0.3018992848687273,0.898
825,0.19849369934825473,0.912,0.04997940848370471,0.3013216124812377,0.9
826,0.19839544394724168,0.912,0.04997938350430448,0.3015901694524521,0.9
827,0.19820782530626435,0.912,0.049979358524929206,0.3019421592760504,0.896
828,0.1981269128965728,0.912,0.0499793335455789,0.30156806296693905,0.898
829,0.198147510713091,0.908,0.04997930856625358,0.3025952911657557,0.898
830,0.19811023184566678,0.914,0.049979283586953215,0.301433436860506,0.902
831,0.19808676741547865,0.906,0.049979258607677816,0.3030775605754096,0.9
832,0.19797213893004392,0.912,0.0499792336284274,0.3014437685506196,0.898
833,0.19804041773444828,0.908,0.04997920864920194,0.30346884552195386,0.896
834,0.19811496995405972,0.912,0.04997918367000145,0.30126393866460655,0.898
835,0.1982679196392752,0.908,0.049979158690825934,0.3042173938354211,0.902
836,0.19845269139123206,0.914,0.04997913371167538,0.3015265840597533,0.892
837,0.19879735370687537,0.912,0.04997910873254979,0.3054183830390913,0.9
838,0.19944442102796733,0.914,0.04997908375344918,0.30149178315772096,0.892
839,0.20030427421167227,0.91,0.049979058774373544,0.30826101227377606,0.898
840,0.20175325226873206,0.914,0.04997903379532286,0.30245765739410646,0.892
841,0.20221254715488482,0.908,0.04997900881629715,0.31146251953782944,0.896
842,0.2024597852941445,0.914,0.049978983837296424,0.3030383938016266,0.89
843,0.20078323895363676,0.908,0.04997895885832065,0.30926362774079785,0.904
844,0.19901927208319684,0.914,0.049978933879369844,0.3009934185748621,0.894
845,0.1974767792669195,0.91,0.04997890890044402,0.302877814749934,0.902
846,0.19693086827361392,0.912,0.04997888392154315,0.30091501467445986,0.898
847,0.19730249295157357,0.912,0.04997885894266725,0.29930997493451916,0.896
848,0.19832793479053692,0.91,0.04997883396381633,0.30348807620206436,0.904
849,0.1993528830319762,0.914,0.04997880898499037,0.2993175405701106,0.894
850,0.199379352730737,0.91,0.049978784006189374,0.30547618511678915,0.904
851,0.19874476346894815,0.91,0.049978759027413354,0.29950081487361124,0.89
852,0.1973940451351577,0.91,0.0499787340486623,0.303036814168132,0.904
853,0.19653039414420442,0.912,0.049978709069936206,0.30016671707744763,0.9
854,0.19625949160577227,0.91,0.049978684091235084,0.30018148204586337,0.9
855,0.19669140081228859,0.912,0.04997865911255894,0.30255524379064497,0.904
856,0.1973149232076405,0.914,0.049978634133907754,0.29976080826727713,0.892
857,0.197569447459236,0.91,0.04997860915528154,0.3036847925698589,0.906
858,0.19757946594443526,0.914,0.049978584176680295,0.29866828801486545,0.89
859,0.19695579233634475,0.91,0.04997855919810402,0.3026852669206214,0.906
860,0.1962069263660051,0.912,0.0499785342195527,0.29938787371286996,0.896
861,0.19576475600491158,0.91,0.04997850924102636,0.30108691842924096,0.9
862,0.19581570078676258,0.91,0.049978484262524984,0.30136584040594394,0.898
863,0.19595839565422568,0.912,0.04997845928404857,0.29979096199746036,0.894
864,0.19626121980587444,0.91,0.04997843430559714,0.30279976973027783,0.902
865,0.19636937743336827,0.912,0.04997840932717067,0.2997765280877036,0.898
866,0.19619721939898493,0.91,0.04997838434876916,0.3034837709768763,0.904
867,0.19577085711502062,0.912,0.049978359370392626,0.299968889422866,0.894
868,0.19537411402428434,0.91,0.04997833439204105,0.3017992824832956,0.9
869,0.1950882010599123,0.912,0.04997830941371445,0.30025494897055843,0.898
870,0.1950051586318122,0.912,0.04997828443541282,0.3008826890023918,0.898
871,0.19509811499219987,0.912,0.04997825945713615,0.3032006317845098,0.904
872,0.19531778293066304,0.91,0.04997823447888445,0.3012121979948789,0.896
873,0.1953299878449853,0.91,0.04997820950065771,0.3041141313974906,0.904
874,0.19532685945243256,0.912,0.049978184522455955,0.3001157149252794,0.894
875,0.19517631180224304,0.908,0.04997815954427915,0.3028134344005376,0.904
876,0.19492357977459598,0.912,0.04997813456612732,0.2995930508646337,0.894
877,0.1946682119311636,0.908,0.04997810958800046,0.302505994743345,0.9
878,0.19443326001250372,0.914,0.04997808460989856,0.30035972002148115,0.902
879,0.1942515982237945,0.914,0.04997805963182163,0.3018642197181321,0.9
880,0.19409292066397496,0.914,0.049978034653769675,0.30198746010738825,0.906
881,0.19413807298174954,0.914,0.049978009675742674,0.30164770591215134,0.898
882,0.1941684492268431,0.912,0.049977984697740646,0.3030927905962084,0.906
883,0.19422310465066622,0.912,0.04997795971976359,0.3009202206277218,0.892
884,0.1941967782550608,0.91,0.049977934741811496,0.30320598960502837,0.904
885,0.1942685486947151,0.912,0.049977909763884366,0.3002436934606856,0.892
886,0.19416742099293519,0.908,0.04997788478598221,0.30360592275906606,0.902
887,0.19407056178891008,0.912,0.04997785980810501,0.30043005026225517,0.89
888,0.1938911954028453,0.908,0.04997783483025278,0.3036419410576679,0.902
889,0.1936670310772497,0.912,0.04997780985242552,0.30043670268524997,0.89
890,0.1934237189048781,0.908,0.04997778487462323,0.30261405815024034,0.9
891,0.19333464792748234,0.914,0.04997775989684591,0.300770579224734,0.898
892,0.19311042175762425,0.912,0.04997773491909354,0.3022706647283687,0.898
893,0.1929736658862056,0.914,0.049977709941366154,0.30187690666497896,0.898
894,0.1929779342554499,0.912,0.04997768496366373,0.3026407884999221,0.904
895,0.19289594214707362,0.912,0.049977659985986266,0.3019227338657979,0.898
896,0.19279053402232255,0.912,0.04997763500833378,0.30185481149414295,0.9
897,0.19263565692920936,0.914,0.04997761003070625,0.30154328033464656,0.9
898,0.19258941361881884,0.912,0.04997758505310368,0.3021698820615373,0.908
899,0.19269473718612073,0.914,0.049977560075526097,0.30147468585945264,0.896
900,0.19273720710981798,0.916,0.049977535097973466,0.301904671027245,0.904
901,0.1926557498220625,0.916,0.0499775101204458,0.3017679945337408,0.902
902,0.19255835871676222,0.914,0.04997748514294311,0.3025106296609906,0.902
903,0.19257056266809203,0.91,0.04997746016546538,0.3026095555491735,0.896
904,0.19249662582617677,0.914,0.04997743518801261,0.30317599524544353,0.906
905,0.19247311283365648,0.914,0.04997741021058482,0.30201649920749013,0.896
906,0.19245208598963812,0.912,0.04997738523318199,0.3025909248448718,0.9
907,0.19239187540738112,0.914,0.04997736025580412,0.3011577588184159,0.898
908,0.1924158239869588,0.91,0.04997733527845122,0.3035757867291494,0.904
909,0.1924891997675449,0.912,0.0499773103011233,0.3013344598226618,0.894
910,0.19251355531160594,0.91,0.04997728532382033,0.30526499844100524,0.904
911,0.192921125405852,0.912,0.04997726034654232,0.3014001443247631,0.892
912,0.19337569557133874,0.914,0.049977235369289295,0.3068213724824651,0.902
913,0.19417900874420257,0.914,0.049977210392061225,0.30159006386575826,0.89
914,0.19507514584124871,0.914,0.049977185414858113,0.30977755154707953,0.9
915,0.19658938038687893,0.914,0.04997716043767999,0.30288573484445847,0.89
916,0.1973611800907415,0.908,0.04997713546052681,0.3132350778737248,0.896
917,0.19831220804388697,0.914,0.049977110483398604,0.3036818270803703,0.888
918,0.19694831471820887,0.908,0.04997708550629537,0.3131698773722577,0.896
919,0.19492965980152446,0.914,0.04997706052921709,0.3016520812095841,0.89
920,0.19259286369035455,0.912,0.04997703555216378,0.30475850880225414,0.904
921,0.19167837745593697,0.912,0.04997701057513545,0.30123606973950434,0.902
922,0.19217993170343126,0.914,0.049976985598132066,0.29933514791522,0.9
923,0.19350052433497122,0.914,0.04997696062115365,0.30532966971325487,0.902
924,0.1945105354891803,0.914,0.04997693564420021,0.2998814511594593,0.894
925,0.19422161745518676,0.914,0.04997691066727172,0.3072909292166157,0.902
926,0.19343180591488152,0.914,0.049976885690368206,0.29998386773353414,0.892
927,0.19213364471540495,0.91,0.049976860713489654,0.3038428973468727,0.902
928,0.19167897300104794,0.914,0.049976835736636076,0.3008314126812576,0.902
929,0.19197218291084672,0.912,0.04997681075980745,0.2995571181116368,0.898
930,0.19256390181337057,0.914,0.049976785783003796,0.30353683268301596,0.9
931,0.1932603810275948,0.912,0.04997676080622511,0.29952869750170197,0.898
932,0.19311356555325218,0.914,0.04997673582947138,0.3046730113265369,0.9
933,0.19256832095021303,0.91,0.04997671085274262,0.300148978137635,0.894
934,0.1918748488581187,0.918,0.04997668587603883,0.3031670088381656,0.9
935,0.19143888876931334,0.908,0.04997666089936,0.3023363592235249,0.904
936,0.19174917235560504,0.914,0.04997663592270613,0.30086802945076463,0.896
937,0.1920602301809438,0.91,0.04997661094607724,0.3047239031762037,0.902
938,0.1924611573632398,0.916,0.049976585969473304,0.30049595638807985,0.892
939,0.19214915064962693,0.91,0.04997656099289433,0.3044219871231137,0.902
940,0.1916361322475614,0.916,0.049976536016340334,0.2995751218652988,0.892
941,0.19108443504575007,0.91,0.049976511039811294,0.3021612724059943,0.902
942,0.19072359721467985,0.914,0.049976486063307214,0.3012357647909703,0.9
943,0.19049895433926614,0.912,0.0499764610868281,0.30117226659405455,0.9
944,0.19036173105211776,0.912,0.049976436110373966,0.3034596118836993,0.9
945,0.1902967389237617,0.91,0.04997641113394478,0.3006979295177617,0.892
946,0.19019101990698345,0.912,0.04997638615754056,0.3039060314723131,0.9
947,0.18999376738309734,0.914,0.04997636118116132,0.2998144444344221,0.898
948,0.18975043624551632,0.91,0.04997633620480703,0.30206053847926817,0.898
949,0.18951529807879458,0.912,0.0499763112284777,0.300276526730585,0.902
950,0.18939073355844102,0.912,0.049976286252173346,0.3012760197528194,0.902
951,0.18943113243523735,0.912,0.049976261275893955,0.3021283695720761,0.902
952,0.18952524391640435,0.91,0.04997623629963952,0.30031873939457665,0.896
953,0.18956464634501796,0.914,0.04997621132341006,0.3031284814062825,0.902
954,0.18946894076514506,0.914,0.04997618634720556,0.3012093832837153,0.896
955,0.18937439468824063,0.914,0.04997616137102602,0.30474961769396247,0.898
956,0.18924401531369323,0.912,0.04997613639487146,0.30128259919285477,0.894
957,0.18902093774255332,0.912,0.04997611141874184,0.3029523249155215,0.902
958,0.1887410004789342,0.914,0.0499760864426372,0.30065374089525976,0.898
959,0.18851064575968673,0.916,0.049976061466557524,0.3019229427469197,0.898
960,0.18833491020177912,0.912,0.049976036490502806,0.3011957824458244,0.902
961,0.18815043301962264,0.914,0.049976011514473055,0.301080462220175,0.902
962,0.18810070060580789,0.91,0.04997598653846826,0.30152639954372956,0.902
963,0.18797896696617789,0.912,0.04997596156248845,0.3007034265025055,0.9
964,0.18795974846692348,0.912,0.049975936586533584,0.3022166690668579,0.904
965,0.18790188804016247,0.912,0.04997591161060369,0.3007814181093006,0.898
966,0.1878089860684087,0.912,0.04997588663469876,0.3019540745374213,0.898
967,0.18766388613543666,0.912,0.049975861658818795,0.30032519264948576,0.9
968,0.1877057970284542,0.91,0.049975836682963785,0.3021325211082304,0.902
969,0.18766156759438213,0.91,0.049975811707133756,0.300949105939161,0.898
970,0.1875188890083308,0.912,0.04997578673132867,0.30344370226543466,0.898
971,0.1875361232470089,0.916,0.04997576175554856,0.3021136329981015,0.898
972,0.187483581865457,0.912,0.04997573677979342,0.3050308464041475,0.9
973,0.18736684940204665,0.912,0.04997571180406323,0.3031112912181732,0.898
974,0.18733718424243542,0.912,0.049975686828358006,0.30403756021228184,0.9
975,0.1872635784816545,0.912,0.04997566185267775,0.30118500452256997,0.9
976,0.18709278813721972,0.91,0.04997563687702246,0.30217225914510926,0.898
977,0.18698250626014182,0.914,0.049975611901392124,0.30160728668504133,0.902
978,0.18693478416055595,0.912,0.04997558692578676,0.3031222735033898,0.906
979,0.18689462445303537,0.914,0.04997556195020635,0.3027447734805044,0.904
980,0.1869168436854685,0.91,0.04997553697465091,0.30305693915967086,0.9
981,0.186936685061413,0.914,0.049975511999120426,0.3034793462491909,0.904
982,0.18709869195154735,0.912,0.04997548702361492,0.3026140791484532,0.898
983,0.18728953401360462,0.912,0.04997546204813437,0.30424210966367926,0.896
984,0.18755782895843237,0.914,0.04997543707267878,0.30260702995265654,0.894
985,0.18782001228882592,0.92,0.04997541209724816,0.3061210980948185,0.9
986,0.18833666798557244,0.91,0.0499753871218425,0.3029983759630493,0.89
987,0.18928723686222695,0.916,0.049975362146461796,0.30915606614923574,0.9
988,0.1902375156231102,0.914,0.04997533717110607,0.30389658583483875,0.89
989,0.19131619086211166,0.916,0.04997531219577529,0.3126814885623843,0.9
990,0.19241564317039617,0.912,0.049975287220469476,0.30475558321403723,0.892
991,0.19284335708121395,0.916,0.04997526224518864,0.31492996868060674,0.894
992,0.1925830801592567,0.914,0.049975237269932755,0.3042006802190112,0.884
993,0.19074494783460347,0.916,0.04997521229470183,0.3110698227229036,0.898
994,0.1888010304410459,0.916,0.04997518731949588,0.3002555929879823,0.888
995,0.18719299737036987,0.914,0.04997516234431488,0.3036924460415467,0.902
996,0.18669443278948736,0.916,0.049975137369158845,0.299410878688269,0.902
997,0.18724985814761705,0.912,0.04997511239402777,0.29925590284432396,0.896
998,0.1881876818050144,0.914,0.04997508741892167,0.30326513606097766,0.902
999,0.18870374404798648,0.914,0.04997506244384053,0.29923522799385244,0.888
1000,0.1887828418338541,0.918,0.04997503746878434,0.3056538733080283,0.902
1001,0.18848982355952518,0.916,0.04997501249375313,0.2988925252985143,0.89
1002,0.1876253498260203,0.916,0.04997498751874687,0.30378170206583943,0.902
1003,0.186899518545792,0.912,0.04997496254376557,0.29829308579173885,0.898
1004,0.18649541867782604,0.914,0.04997493756880925,0.2999397221659962,0.902
1005,0.18671619494933647,0.92,0.049974912593877874,0.3002338091582654,0.904
1006,0.18698795531475265,0.91,0.04997488761897147,0.29827800000988497,0.894
1007,0.187201288454465,0.916,0.049974862644090026,0.30331401144495457,0.904
1008,0.18720540743127265,0.916,0.049974837669233545,0.2990421402234166,0.896
1009,0.18693589007175482,0.916,0.04997481269440202,0.3049021095899531,0.902
1010,0.18646529938135603,0.914,0.04997478771959547,0.2993348235801907,0.89
1011,0.1858438393188842,0.916,0.049974762744813876,0.3021625851476937,0.904
1012,0.18563068764731197,0.916,0.04997473777005724,0.3002363084970773,0.908
1013,0.1855356609645152,0.912,0.049974712795325574,0.29972094905504754,0.9
1014,0.18565869767596035,0.918,0.04997468782061886,0.3024959074285184,0.902
1015,0.18573406119429747,0.914,0.04997466284593711,0.2991835208867212,0.898
1016,0.18557538458556888,0.916,0.04997463787128032,0.3034818356416039,0.902
1017,0.18533088691188765,0.912,0.04997461289664851,0.29914525634239275,0.896
1018,0.18494468340498088,0.916,0.049974587922041645,0.3033342637805715,0.902
1019,0.18458192016740155,0.916,0.04997456294745974,0.3015584466203018,0.902
1020,0.18444587493650602,0.912,0.04997453797290281,0.3030992200244761,0.902
1021,0.1841986086075266,0.912,0.049974512998370836,0.30336821323121554,0.904
1022,0.184117715506973,0.914,0.04997448802386382,0.30218218482342407,0.902
1023,0.1841788194788537,0.916,0.04997446304938177,0.3049299892427924,0.9
1024,0.184196952011812,0.914,0.04997443807492468,0.3014942309668725,0.894
1025,0.1842535340860459,0.916,0.04997441310049255,0.3055244725129018,0.902
1026,0.18406433561564,0.916,0.04997438812608539,0.3016323654621949,0.898
1027,0.18389201781925696,0.918,0.04997436315170318,0.30529757660744855,0.902
1028,0.18381260357084417,0.918,0.04997433817734593,0.30230350749397483,0.898
1029,0.18374085184353922,0.92,0.04997431320301366,0.30559337838226186,0.906
1030,0.18362213494675553,0.914,0.04997428822870634,0.30302174583817704,0.898
1031,0.1834957345105863,0.916,0.04997426325442397,0.30441072093736316,0.908
1032,0.18335536442087735,0.914,0.04997423828016658,0.3029305548959506,0.898
1033,0.18313439151433683,0.912,0.04997421330593414,0.3041247844438123,0.9
1034,0.18299294017987036,0.914,0.04997418833172666,0.30382761890974624,0.896
1035,0.1827493032343355,0.912,0.04997416335754415,0.30421708221660526,0.898
1036,0.18268645722378932,0.912,0.0499741383833866,0.3044415252373128,0.898
1037,0.18258549901102597,0.912,0.049974113409254006,0.3046338926905879,0.9
1038,0.1825814974398054,0.912,0.04997408843514638,0.3051641704373455,0.9
1039,0.1824868430590505,0.912,0.049974063461063714,0.30399521909242855,0.894
1040,0.18242328620699946,0.912,0.049974038487006,0.3045707516417483,0.9
1041,0.18231011695544055,0.912,0.04997401351297325,0.3037071552610455,0.898
1042,0.18230728250045583,0.91,0.04997398853896547,0.30468892875755693,0.898
1043,0.18216088723593454,0.912,0.04997396356498265,0.30371948278429056,0.898
1044,0.18209360372272784,0.91,0.04997393859102478,0.3045912113951036,0.902
1045,0.1819749818220913,0.912,0.049973913617091886,0.3040644641474628,0.9
1046,0.18186170589638923,0.912,0.04997388864318394,0.30571950924747004,0.898
1047,0.18184946227959994,0.912,0.049973863669300955,0.30583679417418114,0.902
1048,0.18175940075034883,0.912,0.049973838695442946,0.3070625632323697,0.9
1049,0.1817919389429706,0.914,0.04997381372160988,0.30617487649658465,0.894
1050,0.1819168390300218,0.914,0.04997378874780178,0.30706724174380096,0.902
1051,0.18187827600768924,0.914,0.04997376377401864,0.30605507670309867,0.896
1052,0.18191041020818477,0.914,0.049973738800260466,0.30768793638877956,0.904
1053,0.1819030203847294,0.914,0.049973713826527245,0.30609378970393597,0.892
1054,0.18186087557079958,0.918,0.04997368885281899,0.30801495691526604,0.898
1055,0.18190025091656098,0.914,0.0499736638791357,0.3060796841510003,0.892
1056,0.18204421530094061,0.92,0.04997363890547736,0.3094217195506456,0.896
1057,0.18219495963412283,0.916,0.049973613931843984,0.30683682070807744,0.888
1058,0.18246032342775462,0.918,0.04997358895823558,0.31137199200230886,0.898
1059,0.18310690815260663,0.916,0.04997356398465212,0.30687645396379326,0.886
1060,0.18403752753586622,0.916,0.04997353901109362,0.31477810980642124,0.902
1061,0.18576658912108046,0.914,0.0499735140375601,0.30749478142919934,0.882
1062,0.18783421452189952,0.908,0.049973489064051524,0.32049314630412173,0.896
1063,0.1903166032777632,0.916,0.04997346409056791,0.3089624626101907,0.882
1064,0.19096837258621416,0.906,0.04997343911710926,0.32352962043041716,0.896
1065,0.18962077593448712,0.914,0.049973414143675565,0.3072406269913961,0.888
1066,0.1856427222195235,0.914,0.049973389170266835,0.3147543324430694,0.896
1067,0.1824083039600717,0.912,0.04997336419688307,0.3035359808522379,0.888
1068,0.18164339377531574,0.912,0.04997333922352425,0.30413406513855734,0.896
1069,0.18347229273381532,0.914,0.0499733142501904,0.309709381190973,0.9
1070,0.18610997406530108,0.916,0.0499732892768815,0.3046003204024201,0.882
1071,0.18704206365149317,0.916,0.04997326430359758,0.3165690478619809,0.894
1072,0.18583159810510572,0.918,0.049973239330338606,0.3049184245584137,0.882
1073,0.18349690621903342,0.916,0.04997321435710459,0.309410655170448,0.9
1074,0.18229341836936633,0.912,0.04997318938389555,0.3048711537592275,0.904
1075,0.18282180250982774,0.912,0.04997316441071145,0.3028425571653254,0.888
1076,0.18418045053780047,0.914,0.049973139437552314,0.30989329880320304,0.902
1077,0.18472204918147925,0.914,0.04997311446441815,0.3024105268711996,0.892
1078,0.18368635063995284,0.914,0.049973089491308936,0.30904023493011196,0.902
1079,0.182433104887385,0.912,0.049973064518224676,0.30306500033582356,0.896
1080,0.18182668240977037,0.914,0.04997303954516539,0.30440183504297535,0.902
1081,0.18227842255418442,0.914,0.049973014572131054,0.3075645961859622,0.904
1082,0.18275361021067008,0.914,0.04997298959912167,0.3035121809028224,0.89
1083,0.182616099378266,0.916,0.04997296462613727,0.31079980311584765,0.904
1084,0.18194655982833147,0.914,0.04997293965317781,0.30561005997368274,0.9
1085,0.1815177121877333,0.914,0.049972914680243306,0.3074430313748855,0.902
1086,0.1817004501001963,0.916,0.04997288970733378,0.3075259732678079,0.902
1087,0.18236843813645526,0.912,0.0499728647344492,0.3054069946369199,0.896
1088,0.18270021770115927,0.92,0.049972839761589574,0.3102375419830934,0.9
1089,0.18240201722538354,0.91,0.04997281478875491,0.30736735853048436,0.896
1090,0.18230599513186288,0.918,0.049972789815945225,0.31035177005782594,0.9
1091,0.18229479257763115,0.912,0.04997276484316048,0.31049278559298904,0.9
1092,0.18260641426249835,0.914,0.0499727398704007,0.3093692568806079,0.9
1093,0.1824625412583413,0.914,0.04997271489766588,0.3122757666173625,0.898
1094,0.18244848449260936,0.916,0.049972689924956015,0.30857305701732163,0.898
1095,0.1816037934330669,0.916,0.04997266495227111,0.311772223754121,0.9
1096,0.18091753999951582,0.914,0.04997263997961117,0.3087072379687138,0.892
1097,0.18030407711773508,0.912,0.04997261500697618,0.30992624510305,0.896
1098,0.18018182954960524,0.914,0.04997259003436615,0.3117081598338983,0.9
1099,0.18025159875851332,0.916,0.04997256506178109,0.30917283250196403,0.894
1100,0.1804544516307781,0.916,0.049972540089220974,0.31223853307428345,0.894
1101,0.18039244725445516,0.914,0.04997251511668582,0.30921796675531205,0.894
1102,0.18028062066357936,0.912,0.04997249014417564,0.3107056121041859,0.898
1103,0.18011278012879905,0.916,0.049972465171690406,0.3109333854641942,0.896
1104,0.17982681382929927,0.914,0.049972440199230125,0.3102029970281885,0.898
1105,0.17956925530314963,0.916,0.049972415226794804,0.3129684079654064,0.904
1106,0.179435181900643,0.914,0.049972390254384456,0.3110047308108063,0.9
1107,0.17923757210584434,0.914,0.049972365281999054,0.3127916365603105,0.898
1108,0.1789952904025003,0.914,0.04997234030963861,0.31118310914737723,0.902
1109,0.17888959848705038,0.912,0.04997231533730314,0.31135603578997,0.898
1110,0.1790931814332741,0.916,0.049972290364992615,0.3113281453420445,0.898
1111,0.1789717283947504,0.912,0.04997226539270705,0.3110087594291971,0.898
1112,0.17879566941097894,0.916,0.04997224042044645,0.31252123113306696,0.896
1113,0.1787903125512656,0.912,0.049972215448210795,0.3128499845062687,0.9
1114,0.17868030770178092,0.918,0.04997219047600011,0.3139606427322769,0.9
1115,0.17839382464905784,0.914,0.049972165503814385,0.3127385100552899,0.898
1116,0.1782659952552346,0.914,0.04997214053165361,0.3131487386312992,0.898
1117,0.17814447478652562,0.912,0.04997211555951779,0.3119763568314337,0.898
1118,0.17808393517924143,0.912,0.04997209058740694,0.31351513274699705,0.898
1119,0.17809673325400652,0.914,0.04997206561532104,0.3140219771920301,0.898
1120,0.17800102845863275,0.912,0.04997204064326009,0.3150167612316994,0.898
1121,0.17782544165937111,0.916,0.04997201567122412,0.31502436346046486,0.896
1122,0.17771311390002542,0.91,0.0499719906992131,0.31476533191225,0.896
1123,0.17755297363249778,0.914,0.04997196572722703,0.314825271882908,0.896
1124,0.17738491602958883,0.912,0.04997194075526592,0.31436058717211285,0.896
1125,0.17725693303418713,0.91,0.049971915783329775,0.3147339929559125,0.898
1126,0.17722914938997278,0.912,0.049971890811418576,0.31447422769648004,0.898
1127,0.17718504480122216,0.914,0.049971865839532344,0.3152032267199491,0.898
1128,0.17723551456944564,0.912,0.04997184086767107,0.315033525035111,0.9
1129,0.1770417944006062,0.912,0.04997181589583475,0.31624611397676355,0.898
1130,0.17696517158334857,0.914,0.04997179092402339,0.316574620332677,0.896
1131,0.17700126884838022,0.912,0.04997176595223699,0.31784741438859154,0.898
1132,0.17689881889898273,0.912,0.04997174098047554,0.31713232235952465,0.896
1133,0.17664832867881397,0.912,0.04997171600873905,0.31785351065527706,0.894
1134,0.1764681298583507,0.912,0.04997169103702753,0.3170944199867208,0.896
1135,0.1764866260222286,0.912,0.04997166606534095,0.3175722530403248,0.898
1136,0.17635566907243183,0.912,0.04997164109367934,0.3168869039161547,0.894
1137,0.1762501867379062,0.912,0.049971616122042685,0.3174228669053604,0.896
1138,0.1761699072215188,0.912,0.04997159115043098,0.31729392541871826,0.896
1139,0.17610238307356435,0.914,0.04997156617884424,0.31773544256255937,0.896
1140,0.17600117175314725,0.912,0.04997154120728246,0.3174971901879065,0.894
1141,0.17592765261471044,0.912,0.04997151623574563,0.3178981977249802,0.896
1142,0.17578896132808314,0.912,0.04997149126423375,0.31745513797617286,0.894
1143,0.17572372815354095,0.912,0.04997146629274684,0.31758950115528034,0.894
1144,0.17562776765249213,0.912,0.04997144132128489,0.31777697594579335,0.896
1145,0.17554195718353272,0.912,0.04997141634984789,0.3182325471383003,0.896
1146,0.1753971871302778,0.914,0.04997139137843584,0.3189260167307891,0.896
1147,0.17533223100560535,0.912,0.049971366407048766,0.3189613625796122,0.898
1148,0.17534916337878878,0.912,0.049971341435686635,0.31872310948135973,0.896
1149,0.17524130407659894,0.914,0.04997131646434946,0.31818262321317986,0.894
1150,0.17512150728124415,0.914,0.04997129149303726,0.31862680275884414,0.896
1151,0.1750447691437135,0.914,0.04997126652175,0.31863987763128226,0.9
1152,0.1749310403810464,0.914,0.0499712415504877,0.3190730592510254,0.896
1153,0.1748226688887808,0.916,0.04997121657925036,0.31867461913761164,0.89
1154,0.17469614849518622,0.916,0.04997119160803797,0.318675937888362,0.898
1155,0.1745921571250054,0.914,0.049971166636850535,0.31801354318161396,0.894
1156,0.17455601775629667,0.916,0.04997114166568807,0.3196323118261399,0.892
1157,0.17446067800011095,0.914,0.04997111669455055,0.3195226869726915,0.894
1158,0.1745071249493823,0.916,0.04997109172343799,0.3214482459059686,0.896
1159,0.17450042057729856,0.914,0.049971066752350385,0.3193717526216129,0.89
1160,0.17460450139565875,0.916,0.04997104178128775,0.32151995700341734,0.898
1161,0.17480129772692762,0.914,0.049971016810250055,0.31838482415772923,0.89
1162,0.17523253906688388,0.918,0.04997099183923732,0.3243192295940824,0.9
1163,0.17623455807636781,0.916,0.049970966868249554,0.3199959164004328,0.886
1164,0.1781003234518999,0.916,0.04997094189728673,0.3310881871970319,0.896
1165,0.18112118972715358,0.916,0.04997091692634886,0.3236290152211321,0.882
1166,0.1859130317758194,0.91,0.04997089195543596,0.3422344808582223,0.894
1167,0.19055359572010006,0.91,0.04997086698454801,0.32927395809268634,0.88
1168,0.19126284419481657,0.91,0.04997084201368501,0.34695346117383474,0.89
1169,0.1857945130152016,0.918,0.049970817042846984,0.3237804787095913,0.882
1170,0.1784966936130149,0.92,0.0499707920720339,0.3269248803896284,0.894
1171,0.17710454158781508,0.914,0.04997076710124577,0.32238934489791793,0.902
1172,0.1829619378171882,0.92,0.04997074213048261,0.3201289907529586,0.884
1173,0.18842830864877785,0.902,0.049970717159744396,0.3388387183055593,0.892
1174,0.18921159124010573,0.922,0.049970692189031135,0.3257900707201308,0.882
1175,0.18418087638420194,0.91,0.04997066721834284,0.3293774549125763,0.898
1176,0.18300720208870483,0.922,0.04997064224767949,0.32498125943566936,0.892
1177,0.18229964824740394,0.912,0.0499706172770411,0.3181912204040758,0.894
1178,0.18220362267633225,0.916,0.04997059230642766,0.3263651638057218,0.894
1179,0.180406099076284,0.92,0.0499705673358392,0.31326880374874516,0.888
1180,0.17898162165199752,0.916,0.04997054236527567,0.31783459554274013,0.9
1181,0.18057317575294654,0.924,0.0499705173947371,0.31832342438594946,0.896
1182,0.1819427072682825,0.912,0.0499704924242235,0.31216126896754265,0.892
1183,0.1809669387684922,0.918,0.049970467453734846,0.3200678989328909,0.898
1184,0.17899017429751468,0.916,0.04997044248327114,0.3105941278803465,0.896
1185,0.17862375808194456,0.916,0.04997041751283241,0.3141910516063734,0.898
1186,0.18011064822756734,0.924,0.04997039254241862,0.3187099535846787,0.896
1187,0.1803339637297373,0.916,0.049970367572029786,0.31224982733764256,0.896
1188,0.1787524051372566,0.918,0.04997034260166592,0.3183568334354644,0.898
1189,0.17796928612715257,0.918,0.049970317631327,0.31425296702262273,0.894
1190,0.17845457797834394,0.914,0.04997029266101303,0.31361990197394063,0.898
1191,0.17902757798653457,0.92,0.049970267690724025,0.3194334854505665,0.902
1192,0.178484157284637,0.918,0.04997024272045997,0.3119121010058707,0.9
1193,0.17760599531167512,0.92,0.04997021775022087,0.3169135908462314,0.896
1194,0.17765526378342184,0.92,0.04997019278000672,0.3175201080621186,0.896
1195,0.178082073376371,0.914,0.04997016780981754,0.3142059505169719,0.898
1196,0.17788729436743494,0.92,0.04997014283965331,0.31961370324837773,0.9
1197,0.17720521565091904,0.916,0.04997011786951403,0.3138716860225912,0.892
1198,0.17681936634142525,0.916,0.049970092899399715,0.3156047402594374,0.896
1199,0.17717395177136197,0.92,0.049970067929310344,0.3185090448198967,0.892
